caption,username,fullname,shortcode,timestamp,imgUrl,likeCount,commentCount,isVideo,isAd
"Chicken Noodle Soup 
#dinner #super #soup #food #delicious #post #photo",_patrick_gonzalez_,Patrick Gonzalez,B4tNp6ggy3o,1573435168,https://scontent-mxp1-1.cdninstagram.com/vp/f3ce4131dc2274716716cf070fe95580/5E618311/t51.2885-15/e35/s1080x1080/73260824_2941648062531785_5870750102394405798_n.jpg?_nc_ht=scontent-mxp1-1.cdninstagram.com&_nc_cat=105,10,0,False,False
"Egg Salad Sandwich from @konbi
â€”
ðŸ—ºï¸: 1463 W Sunset Blvd Los Angeles, California 90026
â€”
ðŸ“· by @xtessc
ðŸ“ by @xtessc
ðŸ“ at @konbi
â€”
ðŸ‘‰ @bestfoodla & @bestfoodfeed
#ï¸âƒ£ #BestFoodLA #BestFoodFeed #MyFab5
â€”
#LosAngeles #LA #California #LosAngelesFood #LAFood #Food #Restaurants #Eater #EEEEEATS #BuzzFeast #BuzzFeedFood #HuffPostTaste #Restaurant #EatFamous #ForkYeah #Breakfast #Lunch #Dinner",bestfoodla,Best Food Los Angeles,B4tNpzcFKAI,1573435167,https://scontent-mxp1-1.cdninstagram.com/vp/4fe87326efb340b5baf72e202f9a3028/5E469F6E/t51.2885-15/e35/75341412_146759819974355_775219231176928732_n.jpg?_nc_ht=scontent-mxp1-1.cdninstagram.com&_nc_cat=1,1825,25,False,False
This small apple pies look great #food #cooking,thegoodinsta,Parker Randall,B4tNpuwB77-,1573435166,https://scontent-mxp1-1.cdninstagram.com/vp/768737922660cf643d22ea2558a4538b/5E57E5C6/t51.2885-15/e35/74673901_2739642956067421_19845001684971311_n.jpg?_nc_ht=scontent-mxp1-1.cdninstagram.com&_nc_cat=101,2,0,False,False
"ÐœÐ¾Ð¹ Ð±Ñ€Ð°Ñ‚Ð°Ð½-Ð³Ð°ÑÑ‚Ñ€Ð¸Ñ‚ðŸ¤¨
Ð’Ð¾Ñ‚ ÑƒÐ¶Ðµ Ð½Ð° Ð¿Ñ€Ð¾Ñ‚ÑÐ¶ÐµÐ½Ð¸Ð¸ 15 Ð»ÐµÑ‚, Ð¿Ñ€Ð°ÐºÑ‚Ð¸Ñ‡ÐµÑÐºÐ¸ 24 Ð½Ð° 7 ÑÐ¾ Ð¼Ð½Ð¾Ð¹ Ð¶Ð¸Ð²Ñ‘Ñ‚ Ð´Ñ€ÑƒÐ³. Ð”Ñ€ÑƒÐ³, ÐºÐ¾Ñ‚Ð¾Ñ€Ð¾Ð³Ð¾ Ñ Ð¿ÐµÑ€Ð¸Ð¾Ð´Ð¸Ñ‡ÐµÑÐºÐ¸ Ð²Ñ‹Ð³Ð¾Ð½ÑÑŽ, Ð½Ð¾ Ð¾Ð½ Ð²Ð¾Ð·Ð²Ñ€Ð°Ñ‰Ð°ÐµÑ‚ÑÑ. Ð­Ð´Ð°ÐºÐ¸Ð¹ Ð°Ð±ÑŒÑŽÐ·ÐµÑ€. Ð›ÑƒÐ¿Ð¸Ñ‚ Ð±Ð¾Ð»ÑŒÐ½Ð¾. ÐŸÐ¾ÑÐ»Ðµ ÑÐµÐ±Ñ Ð¾ÑÑ‚Ð°Ð²Ð»ÑÐµÑ‚ Ñ€ÑƒÐ±Ñ†Ñ‹ Ð¸ Ð¾Ñ‚Ð²Ñ€Ð°Ñ‚Ð¸Ñ‚ÐµÐ»ÑŒÐ½ÑƒÑŽ Ð¼Ð¸ÐºÑ€Ð¾Ñ„Ð»Ð¾Ñ€Ñƒ. ÐŸÐ¾ÑÐ»ÐµÐ´ÑÑ‚Ð²Ð¸Ñ ÐµÐ³Ð¾ Ð½Ð°ÑÐ¸Ð»Ð¸Ñ Ð½Ð°Ð´ Ð¼Ð¾Ð¸Ð¼ Ð¾Ñ€Ð³Ð°Ð½Ð¸Ð·Ð¼Ð¾Ð¼ Ð¿Ð¾ÑÐ»ÐµÐ´Ð½Ð¸Ðµ Ð¿Ð°Ñ€Ñƒ Ð»ÐµÑ‚ Ð¿Ñ€Ð°ÐºÑ‚Ð¸Ñ‡ÐµÑÐºÐ¸ Ð½Ðµ Ð·Ð°Ð¼ÐµÑ‡Ð°ÑŽÑ‚ÑÑ ÑƒÐ¶Ðµ. Ð”Ð»Ñ Ñ‚Ð¾Ð³Ð¾, Ñ‡Ñ‚Ð¾Ð±Ñ‹ Ð²Ñ‹Ð¹Ñ‚Ð¸ Ð¸Ð· Ð¿Ñ€ÐµÐ´ÑŠÑÐ·Ð²ÐµÐ½Ð½Ð¾Ð³Ð¾  ÑÐ¾ÑÑ‚Ð¾ÑÐ½Ð¸Ñ Ð¼Ð½Ðµ Ð¿Ñ€Ð¸ÑˆÐ»Ð¾ÑÑŒ ÐºÐ°Ñ€Ð´Ð¸Ð½Ð°Ð»ÑŒÐ½Ð¾ Ð¸Ð·Ð¼ÐµÐ½Ð¸Ñ‚ÑŒ Ð¾Ð±Ñ€Ð°Ð· Ð¶Ð¸Ð·Ð½Ð¸, Ð¼Ñ‹ÑˆÐ»ÐµÐ½Ð¸Ðµ Ð¸ Ð¿Ð¸Ñ‰ÐµÐ²Ñ‹Ðµ Ð¿Ñ€Ð¸Ð²Ñ‹Ñ‡ÐºÐ¸. Ð­Ñ‚Ð¾ ÑÐ»Ð¾Ð¶Ð½Ð¾. ÐžÑ‡ÐµÐ½ÑŒ ÑÐ»Ð¾Ð¶Ð½Ð¾ Ð¿ÐµÑ€ÐµÑÑ‚Ñ€Ð¾Ð¸Ñ‚ÑŒ Ñ‚ÐµÐ»Ð¾, ÐºÐ¾Ñ‚Ð¾Ñ€Ð¾Ðµ Ð¶Ð¸Ð»Ð¾ Ð½Ð° Ð¾Ð´Ð½Ð¾Ð¼ Ñ‚Ð¾Ð¿Ð»Ð¸Ð²Ðµ, Ð° Ð¿Ð¾Ñ‚Ð¾Ð¼ ÐµÐ³Ð¾ ÑÑ‚Ð°Ð»Ð¸ Ð»Ð¸ÑˆÐ°Ñ‚ÑŒ Ð²ÐºÑƒÑÐ½ÑÑˆÐµÐºðŸ¤·ðŸ»â€â™‚ï¸ðŸ¤­ðŸ˜…
â €
Ð¡Ð¾Ð±Ñ‹Ñ‚Ð¸Ñ, Ð¿Ñ€Ð¾Ð¸ÑÑ…Ð¾Ð´Ð¸Ð²ÑˆÐ¸Ðµ ÑÐ¾ Ð¼Ð½Ð¾Ð¹ Ð½Ð° Ð¿Ñ€Ð¾Ñ‚ÑÐ¶ÐµÐ½Ð¸Ð¸ Ð¿Ñ€Ð¾ÑˆÐµÐ´ÑˆÐ¸Ñ… Ð´Ð²ÑƒÑ… Ð¼ÐµÑÑÑ†ÐµÐ² ÑÐ²Ð½Ð¾ Ð¸ Ñ‡Ñ‘Ñ‚ÐºÐ¾ Ð´Ð°Ð»Ð¸ Ð¿Ð¾Ð½ÑÑ‚ÑŒ Â«Ð‘Ñ€Ð°Ñ‚Ð°Ð½, ÐµÑÐ»Ð¸ Ñ‚Ñ‹ Ð½Ðµ Ð¸Ð·Ð¼ÐµÐ½Ð¸ÑˆÑŒÑÑ ÑÐµÐ¹Ñ‡Ð°Ñ ÑÐ½Ð¾Ð²Ð°, Ñ‚Ð¾ Ð±ÑƒÐ´ÐµÑ‚ Ð¿Ð¾Ð»Ð½Ñ‹Ð¹ ÐºÐ°Ð¼Ð±ÑÐº Ð² 95 ÐºÐ³ Ð¸ Ñ‚Ð¾Ð»ÑÑ‚Ñ‹Ð¼ Ñ‰Ñ‘Ñ‡ÐºÐ°Ð¼ ÐºÐ°Ðº Ð½Ð° Ñ„Ð¾Ñ‚ÐºÐ°Ñ… Ð² ÐºÐ°Ñ€ÑƒÑÐµÐ»Ð¸Â». Ðš Ð²Ñ€Ð°Ñ‡Ð°Ð¼ Ñ Ð¸Ð´Ñ‚Ð¸ Ð½Ðµ Ñ…Ð¾Ñ‡Ñƒ. Ð’ÑÐµ ÑÑ‚Ð¸ Ñ‚Ñ‘Ñ‚ÐµÐ½ÑŒÐºÐ¸ Ñ Ð²ÐµÑÐ¾Ð¼ Ð±Ð¾Ð»ÑŒÑˆÐµ Ñ†ÐµÐ½Ñ‚Ð½ÐµÑ€Ð° ÑƒÐ¼ÐµÑŽÑ‚ Ñ‚Ð¾Ð»ÑŒÐºÐ¾ Ñ‚Ð°Ð±Ð»ÐµÑ‚ÐºÐ¸ Ð¿Ñ€Ð¾Ð¿Ð¸ÑÑ‹Ð²Ð°Ñ‚ÑŒ Ð¸ Ð´ÐµÐ½ÑŒÐ³Ð¸ Ð·Ð° Ñ„Ð³Ð´Ñ Ð±Ñ€Ð°Ñ‚ÑŒ. ÐœÐÐ• ÐÐ£Ð–Ð•Ð Ð¡ÐŸÐ•Ð¦ÐÐ›Ð˜Ð¡Ð¢! Ð§ÐµÐ»Ð¾Ð²ÐµÐº, ÐºÐ¾Ñ‚Ð¾Ñ€Ñ‹Ð¹ Ð·Ð°Ð½Ð¸Ð¼Ð°ÐµÑ‚ÑÑ Ð¿Ð¸Ñ‚Ð°Ð½Ð¸ÐµÐ¼/Ð¿Ð¸Ñ‰ÐµÐ²Ñ‹Ð¼Ð¸ Ð¿Ñ€Ð¸Ð²Ñ‹Ñ‡ÐºÐ°Ð¼Ð¸/Ð´Ð¸ÐµÑ‚Ð¾Ð»Ð¾Ð³Ð¸ÐµÐ¹/Ð½ÑƒÑ‚Ñ€Ð¸Ñ†Ð¸Ð¾Ð»Ð¸Ð³Ð¸ÐµÐ¹. Ð˜Ð½Ñ„Ð¾Ñ†Ñ‹Ð³Ð°Ð½Ðµ, Ð½Ð°Ñ‡Ð¸Ñ‚Ð°Ð²ÑˆÐ¸ÐµÑÑ Ð¿Ð°Ð±Ð»Ð¸ÐºÐ¾Ð² Ð¸ ÑÑ‚Ð°Ñ‚ÐµÐ¹ Ð¾ Ð¿Ð¾Ð»ÑŒÐ·Ðµ Ð²ÐµÐ³ÐµÑ‚Ð°Ñ€Ð¸Ð°Ð½ÑÑ‚Ð²Ð° Ð¸ Ð´Ð¸ÐµÑ‚ Ð¼Ð¾Ð³ÑƒÑ‚ Ð¸Ð´Ñ‚Ð¸ Ð¼Ð¸Ð¼Ð¾ðŸ˜
â €
â€¼ï¸HELPâ€¼ï¸
Ð ÐµÐ±ÑÑ‚, Ð¿Ð¾ÑÐ¾Ð²ÐµÑ‚ÑƒÐ¹Ñ‚Ðµ ÑÐ¿ÐµÑ†Ð¾Ð² Ð² ÑÑ‚Ð¸Ñ… Ð½Ð°Ð¿Ñ€Ð°Ð²Ð»ÐµÐ½Ð¸ÑÑ…? ÐÑƒ ÐµÐ¹ Ð‘Ð¾Ð³Ñƒ, Ð¾Ð´Ð½Ð¾Ð¼Ñƒ ÑƒÐ¶Ðµ Ñ‚ÑÐ¶ÐµÐ»Ð¾ Ñ ÑÑ‚Ð¸Ð¼ ÑÐ¿Ñ€Ð°Ð²Ð»ÑÑ‚ÑŒÑÑ ÑÑ‚Ð¾Ð»ÑŒÐºÐ¾ Ð»ÐµÑ‚ðŸ™ˆðŸ¤­
â€”â€”â€”â€”â€”â€”â€”â€”â€”â€”â€”â€”â€”â€”â€”
#ÐœÐ¸ÑÑ‚ÐµÑ€_Saturn
#Ð´Ð¸ÐµÑ‚Ð° #Ð¿Ð¸Ñ‚Ð°Ð½Ð¸Ðµ #Ð·Ð´Ð¾Ñ€Ð¾Ð²ÑŒÐµ #Ð·Ð¾Ð¶ #ÐµÐ´Ð°
#food #health #khabarovsk #Ñ…Ð°Ð±Ð°Ñ€Ð¾Ð²ÑÐº #khv #ÐºÑ…Ð²",pirog_pva,Ð’Ð›ÐÐ”Ð˜ÐœÐ˜Ð  ÐŸÐ˜Ð ÐžÐ“ÐžÐ’ | PR | SMM,B4tNpbrgQAl,1573435164,https://scontent-mxp1-1.cdninstagram.com/vp/cb8f528971a57dcd896a5965753bcda7/5E53588F/t51.2885-15/e35/s1080x1080/75002967_739140466584622_4769742696212420742_n.jpg?_nc_ht=scontent-mxp1-1.cdninstagram.com&_nc_cat=110,279,38,False,False
"En esta ocasiÃ³n visitamos Dennyâ€™s un restaurante estadounidenseðŸ‡ºðŸ‡¸, que iniciÃ³ en Lakewood California y que llegÃ³ a Gdl para quedarse. A este le pondremos un 6/10 ya que su comida es exquisita y excelente pero su servicio fue pÃ©simo se tardaron aÃ±os en atendernos y en llevarnos nuestra comida y bebidas. El precio aprox por persona es de 200 pesos y la mayorÃ­a de las bebidas son de refil lo cual es chido. #foodporn #food #foodphotography #foodie #foodhacks #foodhunter #foodhunting #foodhunters #dennys",flavor_in_the_house,Flavor_in_the_house,B4tNpRFjlq1,1573435162,https://scontent-mxp1-1.cdninstagram.com/vp/0e3d244b9c59da9e14d446b66d110985/5E5A91C9/t51.2885-15/e35/p1080x1080/76909699_2382021571926775_452388013306915514_n.jpg?_nc_ht=scontent-mxp1-1.cdninstagram.com&_nc_cat=107,167,4,False,False
"yukz...jadikan Smartphone/Hp anda bisa berpenghasilanðŸ˜Š
yg mau info dan join silahkan
cukup ketik: Daftar : nama :
>>reg.ðŸ“²via/wa.081342698911
.
.
.
.
.
.
.
.
.
.
.
.
.
.
#sukses #onlineshop #dropnshop #olshop #reseller #retail #insta #hijabers #instagood #instadaily #instagram #instalike #followers #loker #kuliner #follow4followback #food #cantik #like4likes #likeforfollow",nhankpare77,@nhankpare77,B4tNpLaAM0l,1573435161,https://scontent-mxp1-1.cdninstagram.com/vp/1fed02bac28c177a40fb22f6afb35b14/5E4582FE/t51.2885-15/e35/73524888_2473783002896551_2291601271252282548_n.jpg?_nc_ht=scontent-mxp1-1.cdninstagram.com&_nc_cat=107,11,0,False,False
"ðŸ¤¤ or ðŸ˜± ?
.
Follow @digitorrr
.
ðŸ“· @soyummy 
#diy #crafty #tutorials #diyvideos #videos #food #lovely #videotutorial #awesome  #tutorial #fashion #hacks #yummy #creative #delicious #amazing #blossom #easydiy #cool #love #hackvideos",digitorrr,DigiTree,B4tNlBoho3F,1573435156,https://scontent-mxp1-1.cdninstagram.com/vp/8fdb73ab07953c7727f787a618090db7/5DCB8AF4/t51.2885-15/e35/73343201_2272190292886130_2956432915830695870_n.jpg?_nc_ht=scontent-mxp1-1.cdninstagram.com&_nc_cat=102,5,1,False,False
This is how you pair wine ðŸ· with leftover Halloween candy ðŸ˜‹ #Traveler #TravelLife #TravelingNursePractitioner #TravelingNP #NursePractitioner #NP #FNP #Food #Foodie #ILoveFood #FoodPorn #FoodPhotography #FoodGasm #Foody #Foodpics #Foodstagram #Foodography #Instafood #ILoveFood #Foodblogger #Foodlove #FoodLover #GoodFood #FoodIsArt #Lafayette #LafayetteLouisiana #LafayetteFoodie #LafayetteLA #wine #candy #halloweencandy,kimthetravelingnp,Kim C,B4tNoZGDr6Q,1573435155,https://scontent-mxp1-1.cdninstagram.com/vp/936939a1477b08a1dfc198521c002777/5E404AA1/t51.2885-15/e35/p1080x1080/71837128_557605301666141_6016032499046508783_n.jpg?_nc_ht=scontent-mxp1-1.cdninstagram.com&_nc_cat=105,3,0,False,False
#churrasco #eatmymeat #carne #grilled #steakporn #grillmaster #foodie #foodporn #food #steaks #beeflover #cookout #cheesecake #diner #tbone #tbonesteak #puntacana #barcelo #bavaro,dani.sanchiszh,Dani Sanchis,B4tNoJbAgy4,1573435153,https://scontent-mxp1-1.cdninstagram.com/vp/93605a6801a95afe03e8ad9b55d86a9b/5E59DEDE/t51.2885-15/e35/p1080x1080/73537482_544267736361809_4608402663220695030_n.jpg?_nc_ht=scontent-mxp1-1.cdninstagram.com&_nc_cat=105,7,1,False,False
"Hayo siapa yang suka paket lengkap & mudah ?
Kuy lur kita lihat lengkapnya fasilitas yang ada di @ramintenkaliurangâ€¦
Ada apa aja ya kira-kira ?
Mulai dari belajar membatik sampai dengan mudahnya belanja batik & kerajinan di @hamzahbatikkaliurang yang storenya bersebelahan langsung dengan The Waroeng of Raminten
kuy simak videonya sampai selesai ?
.
.
ðŸ  : The Waroeng of Raminten
ðŸ“ : Jln Kaliurang Km 15,5
â° : 10.00 - 24.00 WIB
â˜Ž : (0274) 4547104
ðŸ“± : +62838-6717-0951
ðŸ“³ : +62813-3456-0070
.
.
.
Kunjungi kami juga di:
@ramintenkaliurang
@ramintenboutique
@thepraja.coffee
@weksrundeng
@hamzahbatikkaliurang
@hamzahbatikofficial
.
.

#family #love #friends #happy #fun #instagood #baby #photography #life #kids #like #photooftheday #cute #instagram #follow #smile #familytime #beautiful #picoftheday #travel #familia #nature #happiness #food #kulinerjogja #kuliner #jogja #wisatajogja #summer #raminten",ardhan_budiana,ardhanbudiana,B4tNoH2Bbzq,1573435153,https://scontent-mxp1-1.cdninstagram.com/vp/cca297b6fcc1d27cafd803aa9f95f6ac/5DCBA806/t51.2885-15/e35/75467918_173675963829340_2401666621589831412_n.jpg?_nc_ht=scontent-mxp1-1.cdninstagram.com&_nc_cat=104,45,0,False,False
Date day with my guy! So we beer battered some fish and onion rings! ðŸŸ #fish #fishfry #onionrings #food #love #cooking #dinnertogetherðŸ´,bakingandcookingbyrachelg,Rachel Greer,B4tNoFMgnBw,1573435153,https://scontent-mxp1-1.cdninstagram.com/vp/33de153d49704c67118257aeeac91edf/5E53F141/t51.2885-15/e35/s1080x1080/72776425_453096615339163_2880059714278358169_n.jpg?_nc_ht=scontent-mxp1-1.cdninstagram.com&_nc_cat=107,2,0,False,False
"GROCERY HAUL!!!
ðŸ¥¦ ðŸ— ðŸ§€ ðŸŒ ðŸ¥© ðŸ„ ðŸ¥¬ ðŸŒ¶ ðŸ¥¨ ðŸ“ ðŸš ðŸ¥” ðŸ¥˜ ðŸ¥—
For those of you that wanted to see some of the things I eat when Iâ€™m trying to lose weight & build muscle. Tomorrow Iâ€™m starting another stricter meal plan to incorporate a lot of lean protein (fish, chicken, lean ground beef and turkey), vegetables, & complex carbohydrates. Iâ€™ll be cutting out most sweets & foods void of nutritional value.
.
Itâ€™s important when youâ€™re evaluating your nutrition to not neglect your micronutrients. Counting macronutrients (protein, carbs, fats) is great to make sure youâ€™re getting what youâ€™re body needs for the desired results, however, if you only eat one type of carb, protein, and fat, youâ€™ll miss out on vital nutrients you need.
.
Iâ€™m now including different types of complex carbs to my diet: sweet potato, whole grain toast, and quinoa.  This will allow me to have energy throughout the day and feel more full rather than eating more simple carbs like soda pop (sugar=carbs, but soda is my weakness!!!)
.
If you donâ€™t like to eat very many fruits or vegetables, I highly recommend getting @1upnutrition Reds and Greens. Itâ€™s a supplement you drink in order to get what youâ€™re missing in your diet. ðŸ™ŒðŸ» It will fill the gaps and help make sure your diet is well-rounded.
.
Also, if youâ€™re trying to build muscle (which will actually help you to keep weight off long-term) then please donâ€™t forget to have a high protein intake! Lean proteins are best and if youâ€™re like me, I get full quickly so I supplement with protein shakes. @1upnutrition ISO vanilla protein blended with almond milk, strawberries, and banana is a great way to start your day!!
.
ðŸš¨PRO TIP: @aldiusa has a great selection of low-priced items! I spend half as much as I used to on all the essentials! .
.
.
ðŸŒ»1UP Code â€œkayfit20â€ for 20% off â€”â€”â€”â€”â€”â€”â€”â€”â€”â€”â€”â€”â€”â€”â€”â€”
#becomebetter #1upnutrition #fitness #workout #fitnessjourney #fitnessmotivation #girlswholift #fitfam #gym #goals #gymbabe #instafit #lifestyle #muscle  #bodybuilding #weightlifting #nutrition #gymlife  #healthylifestyle #healthy #nutriton #mealprep #groceryhaul #macros #macrocounting #food #healthyeating #foodhaul #healthycooking #healthy #fitnesslifestyle",kaylamarseille.fit,ð’¦ð’¶ð“Žð“ð’¶ ð‘€ð’¶ð“‡ð“ˆð‘’ð’¾ð“ð“ð‘’,B4tNnwgHKZE,1573435150,https://scontent-mxp1-1.cdninstagram.com/vp/80a87e0dfeb12698c526fa2e8ccf13b2/5E65C9FA/t51.2885-15/e35/p1080x1080/73512752_545615342662513_6093647537346148137_n.jpg?_nc_ht=scontent-mxp1-1.cdninstagram.com&_nc_cat=101,44,8,False,False
A nice hot bowl of chili smoothered in cheddar cheese really is perfect for a Sunday night while watching football. #food #foodporn #chili #sunday #sundaydinner #dinner,hanley7694,Mike Hanley,B4tNnwXAmW0,1573435150,https://scontent-mxp1-1.cdninstagram.com/vp/ae53b4502b4f058d3de094ba75b05000/5E5879C1/t51.2885-15/e35/72590347_422490445090526_8958202412057807256_n.jpg?_nc_ht=scontent-mxp1-1.cdninstagram.com&_nc_cat=102,2,0,False,False
"â˜ªï¸Ž .
.
.
#tbt #love #makeup #couple #smile #happy #beautiful #instalove #married #family #followforfollowback #nature #mothernature #beauty #amazing #flatlay #artofvisuals #photographer #food #photooftheday #style #fashion #travel #wedding #photography #lifestyle #instapic #baby #babyboy #instadaily",1demetanne,"God,Life,Loveâ™¥ï¸Blessed FamilyðŸ‘ª",B4tNnzOllhV,1573435150,https://scontent-mxp1-1.cdninstagram.com/vp/0e2253aba47321cb52257238e71aff00/5E493081/t51.2885-15/e35/s1080x1080/72754889_2714455205243574_7327263371578384463_n.jpg?_nc_ht=scontent-mxp1-1.cdninstagram.com&_nc_cat=106,4,0,False,False
"This week we made some of Danâ€™s famous pumpkin bars...where I went crazy making the icing! ðŸŽƒ .
.
.
.
.
.
.
.
.
1 cup flour
1 cup sugar
1 cup pumpkin 
1 tsp baking powder
1 tsp baking soda
1 tsp cinnamon 
1/2 tsp salt 
1/2 cup oil (or apple sauce)
2 eggs

Preheat oven to 360. Sift the dry ingredients together in a large mixing bowl. Add in the eggs, oil, and pumpkin. Grease baking pan, and bake for 25 minutes. 
Icing...I added in half a cup of whipping cream prior to adding in the rest of the ingredients.
3oz packaged cream cheese 
6 Tbs butter
1 tsp vanilla extract 
2 cups sifted powdered sugar 
Mix together and spread on cake after it has cooled.
#PumpkinBars #ThanksgivingRecipes #Thanksgiving #Desserts #Pumpkin #Food #Foodie #PumpkinDesserts #Recipes",izzmonster4,Izzy Ca,B4tNnpvppwI,1573435149,https://scontent-mxp1-1.cdninstagram.com/vp/e232126b529350f880e8ff0e86ba8763/5E601CD5/t51.2885-15/e35/s1080x1080/71838474_2492232817712849_2990978156719564591_n.jpg?_nc_ht=scontent-mxp1-1.cdninstagram.com&_nc_cat=105,27,0,False,False
"ðŸ˜‹YELLAH HABIBI ðŸ‘ 
JUST CALL 1-800-MID-EAST OR GO ONLINE NOW &PLACE YOUR SHIPPPING ORDER TODAY @ WWW.MEPDELIGHT.COM ðŸ¯ðŸ’Since 1972, we've always delivered nothing less than the best, most fresh, luxury , pristine quality Lebanese sweets and decadent French Cakes and pastries!ðŸ¥
ðŸ§SNAP: mideast_pastryðŸŽ‚ ðŸ‡FB LIKE: Mid-East Pastry DelightðŸŒ° ðŸ°IG FOLLOW: @mepdelight ðŸ ðŸ¥§ONLINE ORDER: @ www.mepdelight.comðŸ’ ðŸªORDER BY PHONE: # 1.800.MID.EAST ðŸ¬ ðŸ“We're open everyday, 365 days a years from 7am to 9pm including all major holidays!! ðŸ­Call or msg for inquiresðŸ®

#photooftheday #instagood #halal #kosher #christmasgifts #corporategifts #picoftheday #cake #caketutuorials #lebanese  #instapic #instadaily #fondantcakes #instamood #madeinmichigan #arabicsweets #foodnetwork #chocolate #satisfying #christmas  #kyliejenner  #kimkardashian #nutella #buzzfeed  #tmz  #cakedecorator #sweetstables  #thanksgiving #food #baklava",jackieatmepdelight,Jackie@mepdelight,B4tNnWYFcVs,1573435147,https://scontent-mxp1-1.cdninstagram.com/vp/0f4276e0dfd658362ec82f62456eea1e/5E448794/t51.2885-15/e35/74388129_143654526929771_6063592837820834886_n.jpg?_nc_ht=scontent-mxp1-1.cdninstagram.com&_nc_cat=111,2,0,False,False
"I spent the afternoon being a â€œmodelâ€ (lol) for Secret Food Tours. San Diego is the newest city being featured by @secretfoodtours Such fun, and I will use any excuse to spend the afternoon eating and drinking! 
#secretfoodtours #sandiego #foodie",bar_bar_a_m,Barbara Massey,B4tNnEHHqfj,1573435144,https://scontent-mxp1-1.cdninstagram.com/vp/cd97ca9ae2eb8afd4cf2eedec6ef85f8/5E5C7FD6/t51.2885-15/e35/s1080x1080/73070875_444102712975807_696948141310513336_n.jpg?_nc_ht=scontent-mxp1-1.cdninstagram.com&_nc_cat=107,30,2,False,False
Went over half the city to find #lobstercrackers #homemade #springrolls #hotnsoursoup #famjam #hotnspicy #yummy #food #foodies #foodlover #weekendvibes #lazySunday,hurriyat,Hurriyat Ghayyur,B4tNnF0JrwU,1573435144,https://scontent-mxp1-1.cdninstagram.com/vp/8cfa9631b354793408adc0bca15c790d/5E5E32FB/t51.2885-15/e35/s1080x1080/73393248_538206560084626_7311231711682404506_n.jpg?_nc_ht=scontent-mxp1-1.cdninstagram.com&_nc_cat=110,3,0,False,False
"#JetLife @ #MetLife
.
What a gameðŸˆ
.
We got the WðŸ†ðŸ™Œ
.
Lets GO NY JetsðŸ’ª
.
#killaseasoning #seasoning #allpurpose #allnatural #nyjets #nfl #winning #wow #food #foodporn #steak #chicken #pork #sogood #tailgate #instagood #iloveit #football",killaseasoning,The only seasoning you needðŸ˜ƒ!!,B4tNmtWA1sO,1573435141,https://scontent-mxp1-1.cdninstagram.com/vp/fc0d9999ddd24ac0a5da79674ee916d3/5E589C78/t51.2885-15/e35/75562943_162523301517030_3000345060209685173_n.jpg?_nc_ht=scontent-mxp1-1.cdninstagram.com&_nc_cat=106,13,0,False,False
"""Black tiffin"" à¸›à¸´à¹ˆà¸™à¹‚à¸•à¸ªà¸²à¸¢à¸”à¸²à¸£à¹Œà¸„ à¹à¸¡à¸™à¹†à¸„à¸¸à¸¢à¸à¸±à¸™ à¸—à¸²à¸‡à¹€à¸¥à¸·à¸­à¸à¸ªà¸³à¸«à¸£à¸±à¸šà¸„à¸¸à¸“à¸ªà¸¸à¸ à¸²à¸žà¸šà¸¸à¸£à¸¸à¸©à¸«à¸£à¸·à¸­à¸ªà¸¸à¸ à¸²à¸žà¸ªà¸•à¸£à¸µà¸‚à¸²à¸¥à¸¸à¸¢ à¹€à¸£à¸²à¸ˆà¸±à¸”à¹ƒà¸«à¹‰à¸„à¸¸à¸“à¹à¸¥à¹‰à¸§ à¸ªà¸±à¹ˆà¸‡à¸à¸±à¸™à¹„à¸”à¹‰à¹€à¸¥à¸¢à¸ˆà¹‰à¸²

à¸›à¸´à¹ˆà¸™à¹‚à¸•à¹„à¸‹à¸ªà¹Œà¹€à¸¥à¹‡à¸ Ã¸ 11 cm.
à¸›à¸´à¹ˆà¸™à¹‚à¸•à¹„à¸‹à¸ªà¹Œà¹ƒà¸«à¸à¹ˆ Ã¸ 14 cm.
à¹à¸à¹‰à¸§ à¸¡à¸µ 2 à¹à¸šà¸š à¸•à¸²à¸¡à¸£à¸¹à¸›à¹€à¸¥à¸¢ Ã¸ 9 cm.

#pintokwao #à¸›à¸´à¹ˆà¸™à¹‚à¸•à¸‚à¹‰à¸²à¸§ #à¸›à¸´à¹ˆà¸™à¹‚à¸•à¸™à¹ˆà¸²à¸£à¸±à¸ #à¸›à¸´à¹ˆà¸™à¹‚à¸•à¸ªà¸µà¸žà¸²à¸ªà¹€à¸—à¸¥ #à¸›à¸´à¹ˆà¸™à¹‚à¸• #à¸›à¸´à¹ˆà¸™à¹‚à¸•à¸£à¸²à¸„à¸²à¸›à¸¥à¸µà¸à¸ªà¹ˆà¸‡ #à¸›à¸´à¹ˆà¸™à¹‚à¸•à¸£à¸±à¸à¸©à¹Œà¹‚à¸¥à¸ #dark #tiffin #black #thaitiffin #thaistyle #thaifood #carrier #foodbox #box #cup #food #shop #shopping Contact us via Line : suthidalim or whatsapp +66850555544",pintokwao,PinToKwao,B4tNmjpgkks,1573435140,https://scontent-mxp1-1.cdninstagram.com/vp/6c23010fcc539485353d136149850fcc/5E51AE79/t51.2885-15/e35/74995714_154032225832535_9078513682666798911_n.jpg?_nc_ht=scontent-mxp1-1.cdninstagram.com&_nc_cat=111,2,0,False,False
"These vegan chili cheese fries from New Burger at @plantcitypvd were delicious! The chili was just the right amount of spicy & the cheese sauce was so yummy! A perfect balance. I do wish the fries were a tad bit crispier but thatâ€™s just a personal preference. Perfect fall/winter appetizer! â€¢
â€¢
â€¢
#PlantBasedPOC #Vegan #PlantBased #PlantCity #FriendsNotFood #fries #food #NewEngland #NewEnglandVegans #delicious #FoodPorn #ExplorePage #Foodie",plantbasedpoc,,B4tNmbmp7vY,1573435139,https://scontent-mxp1-1.cdninstagram.com/vp/c1923d037ef4722fedf45e25f3693f5a/5E45BF4B/t51.2885-15/e35/s1080x1080/72575898_419691205645686_2212158532862880504_n.jpg?_nc_ht=scontent-mxp1-1.cdninstagram.com&_nc_cat=106,13,3,False,False
"ðŸ˜‹YELLAH HABIBI ðŸ‘ 
JUST CALL 1-800-MID-EAST OR GO ONLINE NOW &PLACE YOUR SHIPPPING ORDER TODAY @ WWW.MEPDELIGHT.COM ðŸ¯ðŸ’Since 1972, we've always delivered nothing less than the best, most fresh, luxury , pristine quality Lebanese sweets and decadent French Cakes and pastries!ðŸ¥
ðŸ§SNAP: mideast_pastryðŸŽ‚ ðŸ‡FB LIKE: Mid-East Pastry DelightðŸŒ° ðŸ°IG FOLLOW: @mepdelight ðŸ ðŸ¥§ONLINE ORDER: @ www.mepdelight.comðŸ’ ðŸªORDER BY PHONE: # 1.800.MID.EAST ðŸ¬ ðŸ“We're open everyday, 365 days a years from 7am to 9pm including all major holidays!! ðŸ­Call or msg for inquiresðŸ®

#photooftheday #instagood #halal #kosher #christmasgifts #corporategifts #picoftheday #cake #caketutuorials #lebanese  #instapic #instadaily #fondantcakes #instamood #madeinmichigan #arabicsweets #foodnetwork #chocolate #satisfying #christmas  #kyliejenner  #kimkardashian #nutella #buzzfeed  #tmz  #cakedecorator #sweetstables  #thanksgiving #food #baklava",jackieatmepdelight,Jackie@mepdelight,B4tNmVOF-8S,1573435138,https://scontent-mxp1-1.cdninstagram.com/vp/b3e25fe132effe72161533e1bc54ae94/5E56F3C2/t51.2885-15/e35/72650596_555936374972970_2607925579535975167_n.jpg?_nc_ht=scontent-mxp1-1.cdninstagram.com&_nc_cat=106,2,0,False,False
"FOOD - Super Omega3 RTG| Yongkatsu,YKts | í¬ë¦¬ìŠ¤ë§ˆìŠ¤ ë¶€ëª¨ë‹˜ ì„ ë¬¼ ì¶”ì²œ, ë¹„íƒ€ë¯¼ìƒµ ì•Œí‹°ì§€ì˜¤ë©”ê°€3

Omega 3 is eating every day.
For high content, high purity and high stability, KD Pharma's sole patented technology, the Low Temperature Supercritical CO2 Extraction Method (KD-pÃ¼r Method). ë²±ìŠ¤ ìŠˆí¼ ì•Œí‹°ì§€ ì˜¤ë©”ê°€3 D3 í”ŒëŸ¬ìŠ¤ 60ìº¡ìŠ ìš”ì¦˜ ëˆˆì´ ê±´ì¡°í•˜ê³  í”¼ê³¤í•´ì„œ ë°ì¼ë¦¬ 1ì•Œì”© ë¨¹ê³  ìžˆëŠ” TRG ì˜¤ë©”ê°€3 ë…ì¼ì œí’ˆ!! ì˜ˆì „ ê°™ì•˜ìœ¼ë©´ í†µê´€ì ˆì°¨ ë°›ê³  ë°°ì†¡ë„ ì˜¤ëž˜ê±¸ë¦¬ëŠ” ì§êµ¬,ê³µë™êµ¬ë§¤ì— ë¹„í•˜ë©´ ë¹„íƒ€ë¯¼ìƒµì—ì„œ êµ¬ í•  ìˆ˜ ìžˆìœ¼ë‹ˆê¹Œ ë°°ì†¡ë„ ë¹ ë¥´ê³  íŽ¸ë¦¬í•˜ë„¤ìš”

ã‚ªãƒ¡ã‚¬3ã¯æ¯Žæ—¥é£Ÿã¹ã¦ã„ã‚‹ã€‚
é«˜å«æœ‰çŽ‡,é«˜ç´”åº¦,é«˜å®‰å®šæ€§ã®ãŸã‚,KDè–¬å±€å°‚å£²ã®ç‰¹è¨±æŠ€è¡“ã§ã‚ã‚‹ä½Žæ¸©è¶…è‡¨ç•ŒCO2æŠ½å‡ºæ³•(KD-puchræ³•)

Î©3æ¯å¤©éƒ½åœ¨åƒã€‚
é«˜æµ“åº¦,é«˜çº¯åº¦,é«˜ç¨³å®šæ€§,è€ä½Žæ¸©æ€§,ä½Žæ¸©æ€§é«˜æ°¯é…¸ç›æå–æ³•(KD-PURæ³•)ã€‚ ÐžÐ¼ÐµÐ³Ð° 3 ÐµÑÑ‚ ÐºÐ°Ð¶Ð´Ñ‹Ð¹ Ð´ÐµÐ½ÑŒ.
Ð”Ð»Ñ Ð¾Ð±ÐµÑÐ¿ÐµÑ‡ÐµÐ½Ð¸Ñ Ð²Ñ‹ÑÐ¾ÐºÐ¾Ð³Ð¾ Ñ€Ð°Ð·Ñ€ÐµÑˆÐµÐ½Ð¸Ñ, Ð²Ñ‹ÑÐ¾ÐºÐ¾Ð³Ð¾ Ñ€Ð°Ð·Ñ€ÐµÑˆÐµÐ½Ð¸Ñ Ð¸ Ñ€Ð°Ð·Ñ€Ð°Ð±Ð¾Ñ‚ÐºÐ¸ Ð¿Ñ€Ð¾ÐµÐºÑ‚Ð° Ð¼Ñ‹ Ð¿Ñ€ÐµÐ´Ð»Ð°Ð³Ð°ÐµÐ¼ Ð½Ð¸Ð·ÐºÐ¾Ñ‚ÐµÐ¼Ð¿ÐµÑ€Ð°Ñ‚ÑƒÑ€Ð½Ñ‹Ð¹ Ð¼ÐµÑ‚Ð¾Ð´ Ð¸Ð·Ð²Ð»ÐµÑ‡ÐµÐ½Ð¸Ñ CO2 (KD-Phuman Method). Omega 3 hÃ ng ngÃ y.
CÃ³ phÆ°Æ¡ng phÃ¡p chiáº¿t xuáº¥t CO2 - cÃ´ng nghá»‡ cáº¥p sÃ¡ng cháº¿ cá»§a K2 Ä‘á»ƒ Ä‘áº£m báº£o cháº¥t lÆ°á»£ng cao, Ä‘á»™ cao, sÃ¡ng táº¡o.

ì˜¤ë©”ê°€3 ìŠ¤íŽ™ ì‚´íŽ´ë³´ê¸° : https://vitaminshop.co.kr/

#ë¹„íƒ€ë¯¼ìƒµ #ë²±ìŠ¤ìŠˆí¼ì•Œí‹°ì§€ì˜¤ë©”ê°€3 #ì˜¤ë©”ê°€3ì¶”ì²œ #ë¶€ëª¨ë‹˜ì„ ë¬¼ #ìŠˆí¼ì•Œí‹°ì§€ì˜¤ë©”ê°€3 #RTGì˜¤ë©”ê°€3 #ì˜¤ë©”ê°€3íš¨ëŠ¥ #í¬ë¦¬ìŠ¤ë§ˆìŠ¤ì„ ë¬¼

#çŒ®ç«‹ 
#ì¡´ë§›íƒ± #JMT 
#ë ˆì‹œí”¼
#food #instagood #ë§˜ìŠ¤íƒ€ê·¸ëž¨
#koreafood #cooking #foodstyling #foodie 
#btsfood #foodstagram #æ–™ç† #ãŠã†ã¡ã”ã¯ã‚“ #ãƒ‡ãƒªã‚¹ã‚¿ã‚°ãƒ©ãƒžãƒ¼  #ã†ã¡ã”ã¯ã‚“ #æ–™ç†å¥½ããªäººã¨ç¹‹ãŒã‚ŠãŸã„ #ã”é£¯ #ãŠå®¶ã”ã¯ã‚“ #ã‚¯ãƒƒã‚­ãƒ³ã‚° â˜…í˜‘ì°¬â˜…AD #ì„ íŒ”

ìŒì•…: For Now
URL: https://icons8.com/music/

ë¸”ë¡œê·¸
http://m.blog.naver.com/wntlrgod

ì˜¤í”ˆì¹´í†¡
https://open.kakao.com/o/gRVe4wob",w_iok_metalabs_stock,ì£¼ì‹ì˜ì‹ /ë‡Œí”¼ì…œì „ë¬¸ê°€/ë·°í‹°/í™”ìž¥í’ˆ/ë§žíŒ”ì„ íŒ”ì¢‹ì•„ìš”ë°˜ì‚¬,B4tNmJWnzVv,1573435137,https://scontent-mxp1-1.cdninstagram.com/vp/52da8026e0564fb233d42fa41b03e8ab/5E58844B/t51.2885-15/e35/73412342_722976461547904_7149175335838801019_n.jpg?_nc_ht=scontent-mxp1-1.cdninstagram.com&_nc_cat=104,7,0,False,False
#repost #likeforlikes #fun #travel  #fitness #food #life #OOTD #fashion #makeup #beauty #art #nonfilter #tbt #cute #selfie #me #likeforfollow #instamood #instagram #instagood #photooftheday #insta daily #igers #love #quotes #quoteoftheday #follow me #Beautiful #happytimesevents,eeclipse_24,Quotes!,B4tNmAyHMF9,1573435136,https://scontent-mxp1-1.cdninstagram.com/vp/3a40e7e8da3463b1561e73f4c074a901/5E5BC7B7/t51.2885-15/e35/s1080x1080/72914091_1433494813483757_2236097570121034928_n.jpg?_nc_ht=scontent-mxp1-1.cdninstagram.com&_nc_cat=105,5,0,False,False
"#ì•„ì¹¨ -  #ìš”ê±°íŠ¸ë³¼ ê·¸ë¦­ìš”ê±°íŠ¸ + ðŸŽ + ðŸ‡ + í•ì½©ë°” ë‹¨í˜¸ë°• + í‘ìž„ìžì•½ì½©ê°€ë£¨ 
ì˜¤ëŠ˜ ì•„ì¹¨ ìš”ê±°íŠ¸ë³¼ ë‡¸ë‡¸ë‡¸! ðŸ¯ðŸŽëŠ” ë„ˆë¬´ ë§›ìžˆêµ¬ã… ã…  í•ì½©ë°” ë‹¨í˜¸ë°•ì— ë¸Œí€¸ ì°ë¨¹ ìµœêµ¬ì•¼,, í•ì½©ë°” í”Œë ˆì¸ì€ 6ê°œ ë‚¨ì•˜ëŠ”ë° ë‹¨í˜¸ë°• 2ê°œë‚¨ì•˜ë‹¤ðŸ˜­ðŸ˜­ ë‹´ì—” ê³ êµ¬ë§ˆ ê¼­ ì‚´ê±°ì•¼,,,ðŸ 
ì–´ì œ í—¬ë·° ì‚´ì§€ë§ì§€ ê³ ë¯¼í•˜ë‹¤ê°€ íˆ¬í‘œê²°ê³¼ ì‚¬ë¼ëŠ” ë¶„ì´ ë§Žì•„ì„œ ì‚¬ë ¤êµ¬í–ˆëŠ”ë° ìž ê¹ ê³¼ì œí•˜ëŠ”ì‚¬ì´ì— 12ì‹œê°€ ë„˜ì—ˆì–´ìš¤..ã…‹ã…‹ã…‹ã…‹ ê·¸ëž˜ì„œ ëª»ì‚¬ëŠ”ì¤„ ì•Œì•˜ëŠ”ë° êµ¬ë§¤í•˜ê¸° í•´ë³´ë‹ˆê¹Œ ê³µêµ¬ê°€ê²©ìœ¼ë£¨ ë˜ë”ë¼êµ¬ìš© êµ¬ëž˜ì„œ ì‚¬ë²„ë ¸ì–´ìš©>_< íˆ¬í‘œí•´ì£¼ì‹ ë¶„ë“¤ ê°ì‚¬í•´ìš©ðŸ’• ê·¸ëƒ¥ ëƒ‰ë™ê³ ì— ìžˆëŠ”ê±°ëž‘ ê°™ì´ ë¨¹ì–´ì•¼ê² ì–´ìš©ðŸ˜ ë°°ì†¡ì˜¤ë©´ ë°”ë¡œ í›„ê¸° ë‚¨ê¸°ëŠ”ê±¸ë£¨ã€°ï¸â™¥ï¸",d_jjuuu,ìš”ê°€ì‚¬ëž‘ ë‹¤ì´ì–´í„° ì¥¬ðŸ§˜ðŸ»â€â™€ï¸ðŸ•‰,B4tNmFWnVAT,1573435136,https://scontent-mxp1-1.cdninstagram.com/vp/47bfbd58c2d0a9353571fab070d4b109/5E4E8B8A/t51.2885-15/e35/s1080x1080/75576671_167066037826817_5320255612057798236_n.jpg?_nc_ht=scontent-mxp1-1.cdninstagram.com&_nc_cat=105,42,18,False,False
"Barely remember how delicious these flat bread and teh tarik(pull tea).
Letâ€™s eat before it starts getting coldðŸ˜‹ðŸ˜‹..
Lama tak masuk lc. Sedap la plk roti canai kosong dgn gula ni. 
Jom sarapanðŸ˜‹ðŸ˜‹..
â€¢â€¢â€¢â€¢â€¢â€¢â€¢â€¢â€¢â€¢â€¢â¤ï¸â¤ï¸â¤ï¸â€¢â€¢â€¢â€¢â€¢â€¢â€¢â€¢â€¢â€¢â€¢â€¢
#breakfast #roticanai #buzzfeedfood #hungry #foods #food #foodie #foodporn #foodphoto #foodpic #goodfood #instafood #foodoftheday #foodphotography #photooftheday #picoftheday #yummy #delicious #sogood #noodles #igfood #foodstagram #offday #nightshift #shotoniphone #marvelous #photography #foodpic #photoshoot #eating",jaman_kubur,JK,B4tNl1jhV_2,1573435134,https://scontent-mxp1-1.cdninstagram.com/vp/95e583a754c4bdb7acd1cd5ce33b5691/5E4DD3BB/t51.2885-15/e35/p1080x1080/76735687_3100047430010070_5511536990141213924_n.jpg?_nc_ht=scontent-mxp1-1.cdninstagram.com&_nc_cat=106,20,0,False,False
"* Puma Evolved Fear Wn's*
BNIB (Brad New In Box)
Original
Warna: putih
Upper : 100% Poliester
Sol : 100% eva
==================================
Size
37
38
39
40

Pemesanan bisa melalui
WA : 0819 899 003
IG : @men.shoesfashion
Web : mslulufashion.com
Toped : mslulufashion
Shopee : mslulufashion

Kamu juga bisa datang langsung ke toko kami : ðŸ¬ Cibubur Times Square, Blok C1 no 3a | JL alternatif transyogi km 3
ðŸ¬ Komp Gading Bukit Indah, Blok G No 1-2 | Kelapa Gading - Jakarta Utara

Nahh kalau mampir ke toko kami di kelapa gading jangan lupa untuk bersantai dan menikmati makanan/minuman di 
@ms.lulucafe

#sepatu #sepatucantik #bazaarsepatu #fashion #fashionjktkece #fashionjkt #sepatuwanita #sepatucewek  #sepatukeren #promo #girls #halloween #halloweensale #mslulufashion #cafe #nongkrong #makan #indomie #food #minuman #like4likes #likeforlikes #followforfollowback #follow4followback",men.shoesfashion,men.shoesfashion,B4tNl1mlfh5,1573435134,https://scontent-mxp1-1.cdninstagram.com/vp/6b91e59bd93b206673db5973c56841a3/5E62C023/t51.2885-15/e35/75360971_152501859475047_2675927983290596096_n.jpg?_nc_ht=scontent-mxp1-1.cdninstagram.com&_nc_cat=103,5,0,False,False
"MOCHI + MACARON ðŸ–¤
.
Â© @sasittube
. 
#mukbang #eatingsounds #eating #asmr #food #crunchysound #chewy #chewysound #asmrcake #dessert #crunchyasmr #soft #relaxing #relaxingsounds #asmrfood #crunchyeatingsounds  #asmrdumpling #eatingsound #asmreating #letseat #realsound #afganfood #crunchy #mexicanfood #asmrcommunity #koreanfood #mukbangkorea #greekfood",_blink_mukbang,Ê™ÊŸÉªÉ´á´‹ á´á´œá´‹Ê™á´€É´É¢ ðŸ‡§ðŸ‡·,B4tNllrFYjI,1573435132,https://scontent-mxp1-1.cdninstagram.com/vp/79cc889a735a654b652cde1a49ace6fd/5DCBDBC9/t51.2885-15/e35/73470573_440383786858241_9221664002542147997_n.jpg?_nc_ht=scontent-mxp1-1.cdninstagram.com&_nc_cat=105,5,0,False,False
"â˜ªï¸Ž .
.
.
#tbt #love #makeup #couple #smile #happy #beautiful #instalove #married #family #followforfollowback #nature #mothernature #beauty #amazing #flatlay #artofvisuals #photographer #food #photooftheday #style #fashion #travel #wedding #photography #lifestyle #instapic #baby #babyboy #instadaily",1demetanne,"God,Life,Loveâ™¥ï¸Blessed FamilyðŸ‘ª",B4tNlj7F3jI,1573435132,https://scontent-mxp1-1.cdninstagram.com/vp/d52c846c4e8b8b91abccc234384d97c8/5E61BB64/t51.2885-15/e35/p1080x1080/73031283_167679034343623_5285020415750217869_n.jpg?_nc_ht=scontent-mxp1-1.cdninstagram.com&_nc_cat=107,4,0,False,False
"ðŸ“·ðŸ«
.
.
.
.
.
#food #foodporn #foodie #instafood #foodphotography #yummy #delicious #instagood #foodstagram #foodblogger #love #foodlover #goodnight #foodgasm #healthyfood #dinner #foodies #restaurant #follow #lunch #domingo  #petgateau #healthy #photooftheday #homemade #bhfyp #picoftheday #breakfast #chocolate #boanoite",brunacampanhol,Bruna Campanhol Fotografia,B4tNlPJj7_w,1573435129,https://scontent-mxp1-1.cdninstagram.com/vp/c4631bfeda9b266d118a2f0ef7459c7e/5E403333/t51.2885-15/e35/72534570_2427771337490990_4613064758867196322_n.jpg?_nc_ht=scontent-mxp1-1.cdninstagram.com&_nc_cat=102,37,0,False,False
"Dicen que las carnes argentinas y los vinos son uno de los mÃ¡s ricos del mundo y yo lo confirmo. Carne de cordero a la milanesa acompaÃ±ado de un delicidioso vino tintoðŸ™‹â€â™€ï¸ðŸ·
â€¢
â€¢
â€¢
#ushuaia #tierradelfuego #findelmundo #food #argentina #comida #carne #travel #trip #aroundtheworld #traveler #comida #vino #wine #canaldelbeagle #pinguinos #nieve #nevado #photooftoday #pic #like #world #gastronomy #gastronomia #gastronomiaargentina",amolasnubes,Ãlbum del mundo,B4tNlN-HyW8,1573435129,https://scontent-mxp1-1.cdninstagram.com/vp/e7257638a7317b1c8935bd1f9ad3cc74/5E54555A/t51.2885-15/e35/71193681_149305676381773_5702268682924637990_n.jpg?_nc_ht=scontent-mxp1-1.cdninstagram.com&_nc_cat=101,15,0,False,False
"He looks like young Tyler the creator ðŸ˜‚ 
#mariokart #mario #lugi #food #mariobros #mariobro #mariotennis #porn #pornhumor #foodporn #pornmemesarehilarious #pornmemesðŸ”ž",the_big_dante,Dante,B4tNUTIpoel,1573435129,https://scontent-mxp1-1.cdninstagram.com/vp/5966982f72a6cd3a3f767349b428f6d5/5DCB671B/t51.2885-15/e35/73112668_547549132707968_2475010808742390572_n.jpg?_nc_ht=scontent-mxp1-1.cdninstagram.com&_nc_cat=108,11,0,False,False
"Â¡LlegÃ³ el dÃ­a mÃ¡s esperado de la semana porque hay #MenÃºKeto!
Para que el lunes no los agarre desprevenidosðŸ˜‰
.
Si hacen las recetas, recuerden etiquetarme â¤ï¸. La mayorÃ­a de ellas son de elaboraciÃ³n sencilla y estÃ¡n en internetâ˜ºï¸.
.
Resubido, porque se coleÃ³ un ingrediente de dudosa procedencia en una receta, los waffles son de huevo y quesitoðŸ‘ŒðŸ».
.
#keto #ketodieta #venezuelaketo #ketovenezuela #ketocaracas #comidaketo #recetasketoespaÃ±ol #ketosalud #ketoclub #cetogenicaespaÃ±ol #cetosis #ceto #alimentacioncetogenica #ketogenic #vidaketo #transformacionketo #food #caracas #venezuela #venezolanos #ketoinfo #productosketo #recetasketoenespaÃ±ol",venezuelaketo,Venezuela Keto,B4tNlHrH7SD,1573435128,https://scontent-mxp1-1.cdninstagram.com/vp/f86cf28ae871a9b122a0de173d5ed08e/5E427041/t51.2885-15/e35/72776421_2479469199009567_8459680714616044447_n.jpg?_nc_ht=scontent-mxp1-1.cdninstagram.com&_nc_cat=103,47,1,False,False
"ì¼ì£¼ì¼ë™ì•ˆ ë¨¹ì„ ì‹ìž¬ë£Œ ë„ì°©
ì»¬ë¦¬ì—ì„œ ì˜¨ ì‹ìž¬ë£ŒëŠ” ë‹¤ì–‘í•´ì„œ í™ˆì¹´íŽ˜ê°€ ë” í’ì„±í•´ì§„ë‹¤
í’ˆì ˆë˜ì„œ ìž˜ ëª»ìƒ€ë˜ ìŒ€ì‹ë¹µë„ ë§›ë³´ê³ 
ì‹ ì„ í•œ ì±„ì†Œì™€ ê³¼ì¼ë“¤ë¡œ ì˜¤ëŠ˜ì€ ë“ ë“ ížˆ í•˜ë£¨ì‹œìž‘ðŸ˜Š

ë§ˆì¼“ì»¬ë¦¬ë¡œë¶€í„° ì œí’ˆ ë° ì›ê³ ë£Œë¥¼ ë°›ì•„ ìž‘ì„±í•˜ì˜€ìŠµë‹ˆë‹¤

#ë§ˆì¼“ì»¬ë¦¬ #ëª¨ë‘ê°€ì‚¬ëž‘í•˜ëŠ”ìž¥ë³´ê¸° #ì˜¨ë”í…Œì´ë¸” #ìž¥ë³´ê¸° #í™ˆì¹´íŽ˜ #í™ˆì¹´íŽ˜ìš©í’ˆ #ë§ˆíŠ¸ìž¥ë³´ê¸° #ì£¼ë¶€ì¼ìƒ #í™ˆì¹´íŽ˜ë†€ì´ #í™ˆì¹´íŽ˜ê·¸ëž¨ #í™ˆë¸ŒëŸ°ì¹˜ #food",plainn__,ìˆ˜ìŸŒ,B4tNlJKJ3nA,1573435128,https://scontent-mxp1-1.cdninstagram.com/vp/9d090cc41c8499c44fb39dd1865bde7d/5E427D65/t51.2885-15/e35/70998485_176592463485421_6435227384170204038_n.jpg?_nc_ht=scontent-mxp1-1.cdninstagram.com&_nc_cat=1,966,36,False,False
"FOOD - Super Omega3 RTG| Yongkatsu,YKts | í¬ë¦¬ìŠ¤ë§ˆìŠ¤ ë¶€ëª¨ë‹˜ ì„ ë¬¼ ì¶”ì²œ, ë¹„íƒ€ë¯¼ìƒµ ì•Œí‹°ì§€ì˜¤ë©”ê°€3

Omega 3 is eating every day.
For high content, high purity and high stability, KD Pharma's sole patented technology, the Low Temperature Supercritical CO2 Extraction Method (KD-pÃ¼r Method). ë²±ìŠ¤ ìŠˆí¼ ì•Œí‹°ì§€ ì˜¤ë©”ê°€3 D3 í”ŒëŸ¬ìŠ¤ 60ìº¡ìŠ ìš”ì¦˜ ëˆˆì´ ê±´ì¡°í•˜ê³  í”¼ê³¤í•´ì„œ ë°ì¼ë¦¬ 1ì•Œì”© ë¨¹ê³  ìžˆëŠ” TRG ì˜¤ë©”ê°€3 ë…ì¼ì œí’ˆ!! ì˜ˆì „ ê°™ì•˜ìœ¼ë©´ í†µê´€ì ˆì°¨ ë°›ê³  ë°°ì†¡ë„ ì˜¤ëž˜ê±¸ë¦¬ëŠ” ì§êµ¬,ê³µë™êµ¬ë§¤ì— ë¹„í•˜ë©´ ë¹„íƒ€ë¯¼ìƒµì—ì„œ êµ¬ í•  ìˆ˜ ìžˆìœ¼ë‹ˆê¹Œ ë°°ì†¡ë„ ë¹ ë¥´ê³  íŽ¸ë¦¬í•˜ë„¤ìš”

ã‚ªãƒ¡ã‚¬3ã¯æ¯Žæ—¥é£Ÿã¹ã¦ã„ã‚‹ã€‚
é«˜å«æœ‰çŽ‡,é«˜ç´”åº¦,é«˜å®‰å®šæ€§ã®ãŸã‚,KDè–¬å±€å°‚å£²ã®ç‰¹è¨±æŠ€è¡“ã§ã‚ã‚‹ä½Žæ¸©è¶…è‡¨ç•ŒCO2æŠ½å‡ºæ³•(KD-puchræ³•)

Î©3æ¯å¤©éƒ½åœ¨åƒã€‚
é«˜æµ“åº¦,é«˜çº¯åº¦,é«˜ç¨³å®šæ€§,è€ä½Žæ¸©æ€§,ä½Žæ¸©æ€§é«˜æ°¯é…¸ç›æå–æ³•(KD-PURæ³•)ã€‚ ÐžÐ¼ÐµÐ³Ð° 3 ÐµÑÑ‚ ÐºÐ°Ð¶Ð´Ñ‹Ð¹ Ð´ÐµÐ½ÑŒ.
Ð”Ð»Ñ Ð¾Ð±ÐµÑÐ¿ÐµÑ‡ÐµÐ½Ð¸Ñ Ð²Ñ‹ÑÐ¾ÐºÐ¾Ð³Ð¾ Ñ€Ð°Ð·Ñ€ÐµÑˆÐµÐ½Ð¸Ñ, Ð²Ñ‹ÑÐ¾ÐºÐ¾Ð³Ð¾ Ñ€Ð°Ð·Ñ€ÐµÑˆÐµÐ½Ð¸Ñ Ð¸ Ñ€Ð°Ð·Ñ€Ð°Ð±Ð¾Ñ‚ÐºÐ¸ Ð¿Ñ€Ð¾ÐµÐºÑ‚Ð° Ð¼Ñ‹ Ð¿Ñ€ÐµÐ´Ð»Ð°Ð³Ð°ÐµÐ¼ Ð½Ð¸Ð·ÐºÐ¾Ñ‚ÐµÐ¼Ð¿ÐµÑ€Ð°Ñ‚ÑƒÑ€Ð½Ñ‹Ð¹ Ð¼ÐµÑ‚Ð¾Ð´ Ð¸Ð·Ð²Ð»ÐµÑ‡ÐµÐ½Ð¸Ñ CO2 (KD-Phuman Method). Omega 3 hÃ ng ngÃ y.
CÃ³ phÆ°Æ¡ng phÃ¡p chiáº¿t xuáº¥t CO2 - cÃ´ng nghá»‡ cáº¥p sÃ¡ng cháº¿ cá»§a K2 Ä‘á»ƒ Ä‘áº£m báº£o cháº¥t lÆ°á»£ng cao, Ä‘á»™ cao, sÃ¡ng táº¡o.

ì˜¤ë©”ê°€3 ìŠ¤íŽ™ ì‚´íŽ´ë³´ê¸° : https://vitaminshop.co.kr/

#ë¹„íƒ€ë¯¼ìƒµ #ë²±ìŠ¤ìŠˆí¼ì•Œí‹°ì§€ì˜¤ë©”ê°€3 #ì˜¤ë©”ê°€3ì¶”ì²œ #ë¶€ëª¨ë‹˜ì„ ë¬¼ #ìŠˆí¼ì•Œí‹°ì§€ì˜¤ë©”ê°€3 #RTGì˜¤ë©”ê°€3 #ì˜¤ë©”ê°€3íš¨ëŠ¥ #í¬ë¦¬ìŠ¤ë§ˆìŠ¤ì„ ë¬¼

#çŒ®ç«‹ 
#ì¡´ë§›íƒ± #JMT 
#ë ˆì‹œí”¼
#food #instagood #ë§˜ìŠ¤íƒ€ê·¸ëž¨
#koreafood #cooking #foodstyling #foodie 
#btsfood #foodstagram #æ–™ç† #ãŠã†ã¡ã”ã¯ã‚“ #ãƒ‡ãƒªã‚¹ã‚¿ã‚°ãƒ©ãƒžãƒ¼  #ã†ã¡ã”ã¯ã‚“ #æ–™ç†å¥½ããªäººã¨ç¹‹ãŒã‚ŠãŸã„ #ã”é£¯ #ãŠå®¶ã”ã¯ã‚“ #ã‚¯ãƒƒã‚­ãƒ³ã‚° â˜…í˜‘ì°¬â˜…AD #ì„ íŒ”

ìŒì•…: For Now
URL: https://icons8.com/music/

ë¸”ë¡œê·¸
http://m.blog.naver.com/wntlrgod

ì˜¤í”ˆì¹´í†¡
https://open.kakao.com/o/gRVe4wob",w_iok_metalabs_stock,ì£¼ì‹ì˜ì‹ /ë‡Œí”¼ì…œì „ë¬¸ê°€/ë·°í‹°/í™”ìž¥í’ˆ/ë§žíŒ”ì„ íŒ”ì¢‹ì•„ìš”ë°˜ì‚¬,B4tNlFvn0tW,1573435128,https://scontent-mxp1-1.cdninstagram.com/vp/18b2098e50c8fc747f30dd0b933fb586/5E468CCD/t51.2885-15/e35/74442894_178975729820754_6874326043600780141_n.jpg?_nc_ht=scontent-mxp1-1.cdninstagram.com&_nc_cat=106,4,0,False,False
#repost #likeforlikes #fun #travel  #fitness #food #life #OOTD #fashion #makeup #beauty #art #nonfilter #tbt #cute #selfie #me #likeforfollow #instamood #instagram #instagood #photooftheday #insta daily #igers #love #quotes #quoteoftheday #follow me #Beautiful #happytimesevents,eeclipse_24,Quotes!,B4tNk6QnSr2,1573435127,https://scontent-mxp1-1.cdninstagram.com/vp/e04a6023972a32d37e0450aff42f1b71/5E65EF37/t51.2885-15/e35/s1080x1080/73401844_587807648427481_4833105933140388811_n.jpg?_nc_ht=scontent-mxp1-1.cdninstagram.com&_nc_cat=101,7,1,False,False
Moroccan cucumber salad. A family fav. #food #salad #eat #vegan #healthy #plantbased #wholefoods #realsimple #instagood #instafood #foodstagram #foodpic #foodphotography #foodie #pdx #pnwlife #mom #mykitchen #autumn #dinner #delicious #inspire,yummykitchenchemistry,Mom,B4tNkuBFdX5,1573435125,https://scontent-mxp1-1.cdninstagram.com/vp/65324ab29f3459e70cc1fb7bd2f4d87a/5E5022F9/t51.2885-15/e35/s1080x1080/72847525_576142309859495_1761706008642048289_n.jpg?_nc_ht=scontent-mxp1-1.cdninstagram.com&_nc_cat=111,9,0,False,False
"Domingo de Paella en Fish King Seafood 802

#fishkingseafood802 #fishkingseafoodrestaurant #paella #paellalovers #food #instafood #espa #seafood #spanishfood #foodie #spain #arroz #marisco #comidaespa #paellavalenciana #wikipaella #valencia #paellamixta #fish #shrimp #foodstagram #foodlover #restaurante #paellasadomicilio #arroces #gourmet",fishkingseafood802,Fish King Seafood 802,B4tNkmDlQZu,1573435124,https://scontent-mxp1-1.cdninstagram.com/vp/5ab75f6e6621a41c44e13f5d7942d834/5E45D4D9/t51.2885-15/e35/70343461_270648703897047_5806359086873846750_n.jpg?_nc_ht=scontent-mxp1-1.cdninstagram.com&_nc_cat=103,12,0,False,False
"Finally found @hukitchen at @wholefoods! Organic, vegan & paleo chocolate? Iâ€™ll take it! One serving is half of the package ðŸ¤¤ I finished it in two days (and thatâ€™s me behaving!) otherwise I would have killed the entire thing in one sitting!! So. Good. Whatâ€™s your favorite chocolate? ðŸ«",foodmearound,Foodmearound,B4tNjxDARWX,1573435117,https://scontent-mxp1-1.cdninstagram.com/vp/6b3de2b00e72ba25302bf08642b03adc/5E440BD4/t51.2885-15/e35/71755053_150482606217966_5900619792311701983_n.jpg?_nc_ht=scontent-mxp1-1.cdninstagram.com&_nc_cat=106,21,2,False,False
"Domingo, dia de passeio ðŸŒ¥ï¸ - -

#travelphotography #personaldancer #love #instagood #photooftheday #fitnessmotivation #cute #me #follow #selfie #picoftheday #like4like #summer #friends #instadaily #girl #fun #smile #tagsforlikes #repost #art #instalike #food #igers #nature #family #style #gym #workout #bodybuilding",taipersonaldancer,Taiana Reis,B4tNjqfn8XZ,1573435116,https://scontent-mxp1-1.cdninstagram.com/vp/a8044df5c0fac7f4fac16652c12a7367/5E53016F/t51.2885-15/e35/73287718_421152278811740_8620577866151348851_n.jpg?_nc_ht=scontent-mxp1-1.cdninstagram.com&_nc_cat=108,50,1,False,False
"ice cream, oreos, and spongebob ðŸ¤©",carbqueeen,CHRISTINA,B4tNjqVJaEm,1573435116,https://scontent-mxp1-1.cdninstagram.com/vp/24e6051dde2de1aefa51eeab8d6c2bee/5E487604/t51.2885-15/e35/p1080x1080/69226363_821796691572419_6644191081428406608_n.jpg?_nc_ht=scontent-mxp1-1.cdninstagram.com&_nc_cat=111,9,1,False,False
"Filhos â¤

O sonho representa a realizaÃ§Ã£o de um desejoðŸ˜ ðŸ‡ºðŸ‡¸ðŸ‡ºðŸ‡¸ðŸ‡ºðŸ‡¸ðŸ‡ºðŸ‡¸ðŸ‡ºðŸ‡¸ðŸ‡ºðŸ‡¸ðŸ‡ºðŸ‡¸ðŸ‡ºðŸ‡¸ðŸ‡ºðŸ‡¸ðŸ‡ºðŸ‡¸
ðŸ—½ðŸ—½ðŸ—½ðŸ—½ðŸ—½ðŸ—½ðŸ—½ðŸ—½ðŸ—½ðŸ—½
ðŸ‡§ðŸ‡·ðŸ‡§ðŸ‡·ðŸ‡§ðŸ‡·ðŸ‡§ðŸ‡·ðŸ‡§ðŸ‡·ðŸ‡§ðŸ‡·ðŸ‡§ðŸ‡·ðŸ‡§ðŸ‡·ðŸ‡§ðŸ‡·ðŸ‡§ðŸ‡·
ðŸ’µðŸ’µðŸ’µðŸ’µðŸ’µðŸ’µðŸ’µðŸ’µðŸ’µðŸ’µ
â„â„â„â„â„ðŸŒðŸŒðŸŒðŸŒðŸŒ #instagood #foodlover #dessert #pastry #icing ##bakery #padaria #confeitaria  #patisserie #food #chocolate #cakes #yummy #pastrychef #strawberry
#california #flÃ³rida #losangeles #miami #novaiorque #novajersey

#estadosunidos #bridgeport #connecticut",jhon_sousa__,Chef Jhon Sousa,B4tNhJvnz0k,1573435096,https://scontent-mxp1-1.cdninstagram.com/vp/fe4650415b71b93a7e52db4629119d93/5E453F5B/t51.2885-15/e35/74607424_534205467424238_3095415661479316667_n.jpg?_nc_ht=scontent-mxp1-1.cdninstagram.com&_nc_cat=102,40,0,False,False
Your honesty an idiot follow @isaiah_1250 if you liked #shrimpgang #lildickgang #1 #dankmemes #cringe #meme #memes #nicememe #lmao #lol #kek #lmfao #filthyfrank #4chan #ayylmao #weeaboo #anime #vaporwave #animals #papafranku #edgy #bep #furry #triggered #girl #supreme #life #food #removethemech,isaiah_1250,Isaiah_1250,B4tNVShB0JY,1573435077,https://scontent-mxp1-1.cdninstagram.com/vp/0df4d4f3ed8426a6289e69c464e5d133/5DCBB1B7/t51.2885-15/e35/74594574_153372012591446_8103633401278368334_n.jpg?_nc_ht=scontent-mxp1-1.cdninstagram.com&_nc_cat=102,13,0,False,False
"Hai Semua, ini nih Wanpaku Sandwich yang saya janjikan mau share resepnya kemarin. Saya terinspirasi resep ini dari youtube @justonecookbook , salah satu channel favorit saya â˜ºï¸, ada beberapa bahan yang saya ganti dan tambahkan, saya share juga merek apa saja yang saya gunakan supaya teman-teman tidak bingung.
.
Sandwich ini mudah dibuat dan rasanya enak banget, juga segerrrrr dan sehat karena menggunakan sayur-sayuran segar didalamnya, kalian boleh ganti isiannya dengan chicken katsu, tahu goreng tepung roti, paprika, daging ayam / sapi cincang, kalau belum tau mau diganti apa, cobain dulu deh yang kushare ini, ini enak banget banget. Saking tebalnya makan satu porsi aja udah kenyang banget, bisa menggantikan makan siang atau makan malam teman-teman! ðŸ˜ Yang sedang diet, rotinya bisa diganti roti tawar yang gandum ya.  Cobain yah! Jangan lupa siapkan tisu, karena pasti belepotan. Tapi belepotan enak! ðŸ˜œðŸ˜
.
ðŸ“¹ Video cara memasak ada di Youtube Channelku ya @xiaoying_cooking . Linknya aku taro di bio dan Story. ðŸ’•
.
Olesan Roti :
Mayonnaise + Sesame Salad Dressing ( Semua merk Kewpie)
.
Smoked Beef and Cheese :
2 lembar smoked beef yang sudah dipanaskan selama 3 menit
Roti Tawar (cari yang agak tebal)
2 bh Smoked beef yang sudah matang / dipanaskan (Merk Kanzler)
1 lembar Keju
1 telur ceplok / dadar
Potongan buah alpukat
Irisan wortel dan kol ungu (Saya mengiris wortel menggunakan pengupas buah)
2 lembar daun selada
Timun dan Tomat
Saus Sambal
.
Smoked Beef and Tuna :
Roti Tawar (cari yang agak tebal)
2 lembar daun selada
Timun dan tomat
1 lembar smoked beef yang sudah dipanaskan selama 3 menit
Potongan buah alpukat
Tuna kaleng (Dipanaskan dulu di wajan hingga sedikit kering, kemudian aduk dengan sedikit mayonnaise agar menempel)
1 bh soft boiled egg / telur yang direbus selama 7 menit
Irisan wortel dan kol ungu (Saya mengiris wortel menggunakan pengupas buah)
Saus Sambal
.
Cara membuat :
1. Tonton videonya yah di youtube @xiaoying_cooking, lalu belah tengah rotinya, dan siap dinikmati. ðŸ˜šðŸ˜šðŸ˜‹ðŸ¥°
.
ðŸ³ Ditunggu Recooknya ya ðŸ˜Š. Selamat Memasak! â¤ï¸",xiaoying_cooking,Belajar Memasak1 with Novi,B4tNevTAd1T,1573435076,https://scontent-mxp1-1.cdninstagram.com/vp/048a80b82bc10aa34d3b1329caa9ab9c/5E568752/t51.2885-15/e35/s1080x1080/69874508_933805473672014_8091047104247225905_n.jpg?_nc_ht=scontent-mxp1-1.cdninstagram.com&_nc_cat=102,149,6,False,False
"ðŸ‡°ðŸ‡·éš†é‡æŽ¨å‡º-éŸ“å¼ç‚¸é›ž

é“åœ°çš„éŸ“å¼é†ƒæ–™æ­é…ç¨å®¶ç‰¹è£½æ¯”ä¾‹ç´«é¦™é£¯
å‡è¡¡ç‡Ÿé¤Šæ”»ä½”å„å¤§åª½å¯¶çš„èƒƒ

è³´å‹äº«æœ‰ä¸å®šæ™‚å°ˆå±¬æŠ˜æ‰£å„ªæƒ é€šçŸ¥
è«‹è¸´èºåŠ å…¥å®˜æ–¹@LineIDï¼š@laq8492s

åª½ æˆ‘çš„ä¾¿ç•¶ðŸ‘µðŸ»
æä¾›æ¯å¤©ä¸­åˆç„¡èœå–®é™é‡çš„ç²¾ç·»é¤ç›’
å®¶çš„å‘³é“Â·åª½åª½æ›¿ä½ æº–å‚™çš„ç‡Ÿé¤Šåˆé¤ðŸ´
è±å¯Œå¥åº·å¤šæ¨£é…èœÂ·ä¸€å¾‹åªè¦NT$100å…ƒ

æ¯å¤©ä¸»é£Ÿèœè‰²éƒ½ä¸åŒðŸ¤“
é£Ÿæä¸€å¾‹ç•¶å¤©æ—©æ™¨æŽ¡è³¼Â·æ²¹é¡žä½¿ç”¨æ©„æ¬–æ²¹ã€é…ªæ¢¨æ²¹
åª½çš„ç”¨å¿ƒÂ·ä½ é«”æœƒçš„åˆ°

é©åˆåœ¨è‡ºå—æ¯å¤©ä¸­åˆç…©æƒ±è¦åƒä»€éº¼çš„ä½ ï½ž
å…è²»å¤–é€åˆ°åºœðŸ™†ðŸ»â€â™€ï¸
å¹³æ—¥æå‰é è¨‚é™é‡ä¾›æ‡‰è²©å”® /å…è²»å¤–é€
è¨‚è³¼é›»è©±â˜Žï¸0981-280-533ã€LineIDðŸ‘‰ðŸ»@laq8492s

çœ‹åˆ°æ­¤æ–‡ç« åªè¦åˆ°ç²‰å°ˆæŒ‰è®š+åˆ†äº«æ¨™è¨˜å…©ä½è¦ªå‹
é€±é€±æŠ½çŽï½žå…è²»è«‹ä½ åƒåˆé¤ðŸ™‹ðŸ»â€â™€ï¸â™¥ï¸ #å°ç£ #å°å— #ä¾¿ç•¶æ—¥è¨˜ #åª½æˆ‘çš„ä¾¿ç•¶ #å¥èº« #å¥èº«é¤ 
#ç„¡èœå–®æ–™ç†  #å€‹äººå·¥ä½œå®¤  #æ„› #æ–‡é’ #åˆé¤ #é…ªæ¢¨ #æ©„æ¬– #é¤Šç”Ÿ #love #taiwan  #food #foodporn #follow #tainan #diy #photography #photographer #photoshoot #lunch #yummyday #yummydayå°å—",mom_mylunch,åª½ æˆ‘çš„ä¾¿ç•¶,B4tNesxBE1t,1573435076,https://scontent-mxp1-1.cdninstagram.com/vp/f63e3e8799456b491a99972471ab8474/5E637039/t51.2885-15/e35/p1080x1080/73023193_668871620186190_1430449404868816581_n.jpg?_nc_ht=scontent-mxp1-1.cdninstagram.com&_nc_cat=106,20,0,False,False
Veterans Day is tomorrow so grab your service member or veteran and head over to @Applebees for a complimentary meal! Applebee's has been offering free meals on Veterans Day since 2008! They were one of the first and largest casual dining brands to offer our military and veterans with a free meal for their service. @applebees will have 7 full size entrÃ©es to choose from which includes two of my favorite dishes on the menu the 6oz. USDA Select Top Sirloin and the Oriental Chicken Salad ðŸ™ŒðŸ». Happy Veterans Day and thank you for your service â¤ï¸ðŸ’™ðŸ‡ºðŸ‡¸ðŸ’™â¤ï¸#ad,jessbkr,THE CHIC BLONDE || SD Blogger,B4tNUwfnaKM,1573434994,https://scontent-mxp1-1.cdninstagram.com/vp/14357c2d4ba52ec930aa380c4b1869d6/5E606AAE/t51.2885-15/e35/p1080x1080/74623944_2735729006449418_6149005511614116923_n.jpg?_nc_ht=scontent-mxp1-1.cdninstagram.com&_nc_cat=102,77,1,False,False
"~~à¤¸à¤¯à¤ªà¤¤à¥à¤°à¥€ à¤«à¥à¤² à¤¬à¥‡à¤šà¥à¤¦à¥ˆ ~~ Â°Â°Â°Â°Â°Â°Â°Â°Â°Â°Â°Â°Â°Â°Â°Â°Â°Â°Â°Â°Â°Â°Â°Â°Â°Â°Â°Â°Â°Â°Â°Â°Â°Â°Â°Â°Â°Â°Â°Â°Â°Â°
Â°
Â°
Â°
Â°
Â°
Â°
#igers #love #style #life #bestoftheday #picoftheday #travel #instagram #summer #me #music #photography #family #happy #follow4follow #tagsforlikes #tbt #likeforlike #followme #instagood #instalike #fitness #vscocam #vsco #stunt #design #food #cute #followforfollow #sun",__khichikka__,__khichikka__,B4tNUGxJavq,1573434989,https://scontent-mxp1-1.cdninstagram.com/vp/0ba0cf566343c2b47426aafce9aca092/5E47262B/t51.2885-15/e35/74693412_479331046012228_78122454594926868_n.jpg?_nc_ht=scontent-mxp1-1.cdninstagram.com&_nc_cat=104,143,1,False,False
"Sempre pronta para o uso, a balanÃ§a culinÃ¡ria Vera da Ghidini Ã© recarregÃ¡vel por meio de pequena e fÃ¡cil rotaÃ§Ã£o do botÃ£o lateral na parte superior da bandeja. PrÃ¡tica nÃ£o? ðŸ˜‰
Vem espiar na nossa loja online!
www.condimenta.com.br",condimenta.com.br,Condimenta,B4tNI5ppaRR,1573434897,https://scontent-mxp1-1.cdninstagram.com/vp/aaed01bd55dc0872a9d8e91ab7adb051/5E504C51/t51.2885-15/e35/72685199_411446253136845_6683571275157592346_n.jpg?_nc_ht=scontent-mxp1-1.cdninstagram.com&_nc_cat=109,20,1,False,False
"Hai Semua, ini nih Wanpaku Sandwich yang saya janjikan mau share resepnya kemarin. Saya terinspirasi resep ini dari youtube @justonecookbook , salah satu channel favorit saya â˜ºï¸, ada beberapa bahan yang saya ganti dan tambahkan, saya share juga merek apa saja yang saya gunakan supaya teman-teman tidak bingung.
.
Sandwich ini mudah dibuat dan rasanya enak banget, juga segerrrrr dan sehat karena menggunakan sayur-sayuran segar didalamnya, kalian boleh ganti isiannya dengan chicken katsu, tahu goreng tepung roti, paprika, daging ayam / sapi cincang, kalau belum tau mau diganti apa, cobain dulu deh yang kushare ini, ini enak banget banget. Saking tebalnya makan satu porsi aja udah kenyang banget, bisa menggantikan makan siang atau makan malam teman-teman! ðŸ˜ Yang sedang diet, rotinya bisa diganti roti tawar yang gandum ya.  Cobain yah! Jangan lupa siapkan tisu, karena pasti belepotan. Tapi belepotan enak! ðŸ˜œðŸ˜
.
ðŸ“¹ Video cara memasak ada di Youtube Channelku ya @xiaoying_cooking . Linknya aku taro di bio dan Story. ðŸ’•
.
Olesan Roti :
Mayonnaise + Sesame Salad Dressing ( Semua merk Kewpie)
.
Smoked Beef and Cheese :
2 lembar smoked beef yang sudah dipanaskan selama 3 menit
Roti Tawar (cari yang agak tebal)
2 bh Smoked beef yang sudah matang / dipanaskan (Merk Kanzler)
1 lembar Keju
1 telur ceplok / dadar
Potongan buah alpukat
Irisan wortel dan kol ungu (Saya mengiris wortel menggunakan pengupas buah)
2 lembar daun selada
Timun dan Tomat
Saus Sambal
.
Smoked Beef and Tuna :
Roti Tawar (cari yang agak tebal)
2 lembar daun selada
Timun dan tomat
1 lembar smoked beef yang sudah dipanaskan selama 3 menit
Potongan buah alpukat
Tuna kaleng (Dipanaskan dulu di wajan hingga sedikit kering, kemudian aduk dengan sedikit mayonnaise agar menempel)
1 bh soft boiled egg / telur yang direbus selama 7 menit
Irisan wortel dan kol ungu (Saya mengiris wortel menggunakan pengupas buah)
Saus Sambal
.
Cara membuat :
1. Tonton videonya yah di youtube @xiaoying_cooking, lalu belah tengah rotinya, dan siap dinikmati. ðŸ˜šðŸ˜šðŸ˜‹ðŸ¥°
.
ðŸ³ Ditunggu Recooknya ya ðŸ˜Š. Selamat Memasak! â¤ï¸",xiaoying_cooking,Belajar Memasak1 with Novi,B4tMPDeg0dd,1573434513,https://scontent-mxp1-1.cdninstagram.com/vp/0a0cd357b9d8f209cfb889f4463db724/5DCB5DFC/t51.2885-15/e35/72269483_640686866336344_3900851210825005882_n.jpg?_nc_ht=scontent-mxp1-1.cdninstagram.com&_nc_cat=104,69,3,False,False
"Happy Pocky Day! ðŸŽ‚
ã“ã‚Œã‚’å¤«ã®ã‚ªãƒ•ã‚£ã‚¹ã«æŒã£ã¦ã„ãã¾ã™ã€‚
ã€
# ì¼€ì´í¬ #cake #ã‚±ãƒ¼ã‚­ #ã‚¹ã‚¤ãƒ¼ãƒ„ #ë””ì €íŠ¸ #dessert #ãƒ‡ã‚¶ãƒ¼ãƒˆ ðŸ½ï¸ #ìŒì‹ìŠ¤íƒ€ê·¸ëž¨ #ìŒì‹ #ì¢‹ì•„ #ì¢‹ì•„ìš”ë°˜ì‚¬ #ì¢‹ì•„ìš” #foodporn #foodphotography #food #foodie #foods #foodstagram #foodgasm #essen #nom #nomnom #nomnomnom #comida #ã„ã„ã­ #ã„ã„ã­è¿”ã— #é£Ÿã¹ç‰© #ç¾Žå‘³ã—ã„ #delicious",foodstagren,ï¼©ãƒ»âˆ€ ï¼­ãƒ»ï¼² âˆƒ ï¼®,B4tLcY8g0CU,1573434008,https://scontent-mxp1-1.cdninstagram.com/vp/f47f307797bd86c0b60f985d4a8009c3/5E5AE553/t51.2885-15/e35/73078641_122897799138921_117896088048400592_n.jpg?_nc_ht=scontent-mxp1-1.cdninstagram.com&_nc_cat=109,150,0,False,False
"So big boss dont like u eating at office? 
Hope u got a happy meal prep sunday! 
How many hours of your rest day have you spent on this? ðŸ˜‚ðŸ˜‚ðŸ˜‚
#eat #eatclean #eating #eatcleantraindirty #fit #fitness #fitnessmotivation #fitnessfreaks #fitnessaddict #fitnessfun #fitnesslifestyle #fitnesslife #fitlife #lunch #meal #mealprep #meals #motivation #motivate #food #nutrition #fitnessjourney #fitnessinspiration #fitnesslover #almuerzo #colacion #atwork #coworkers #coworkersbelike #coworkersandfriends",jedi_on_training,Dani,B4tHw01DrZ3,1573432078,https://scontent-mxp1-1.cdninstagram.com/vp/e124e33070111c2e5e2bc350eebf8230/5E509314/t51.2885-15/e35/71706772_179968433131892_8480202087377566067_n.jpg?_nc_ht=scontent-mxp1-1.cdninstagram.com&_nc_cat=108,13,0,False,False
"Day 49/63. ðŸ’ª
Sunday brunch dayyyy ðŸ¤¤. Literally one of my favourite meals ever, it doesnâ€™t even feel like Iâ€™m on a weightloss journey when Iâ€™m eating meals like this ðŸ˜. .
Follow me through my journey on insanityðŸƒâ€â™€ï¸. Thoughts after day 49 ðŸ’­: Tmr Iâ€™m scheduled to do the fit test followed by an hour workout, but Iâ€™ll be home really late after leading an event at university tomorrow so Iâ€™ve decided to do my fit test today so I have less to do tomorrow ðŸ˜­ my poor rest day. 
Ingredients;
â€¢ 3 Quorn nuggets (3sp - itâ€™s also 4 for the same amount of points but I ran out)
â€¢ 1 Quorn sausage (1sp)
â€¢ Baked beans (3sp) â€¢ Egg (0sp)
.
.
.
#weightloss #weightlossjourney #weightwatchers #ww #fitness #healthylifestyle #healthy #health #motivation #weightlosstransformation #diet #healthyfood #workout #fit #nutrition #keto #gym #fitfam #fitnessmotivation #transformation #healthyeating #fatloss #slimmingworld #exercise #lowcarb #wellness #food #ketodiet #healthyliving #weightlossmotivation",kayr_ww,Kay ðŸ‰,B4swaJNhBb_,1573419834,https://scontent-mxp1-1.cdninstagram.com/vp/aa36253e957a68bc7d1cf4c6b4ab53a6/5E5A7470/t51.2885-15/e35/s1080x1080/73377066_1099820896890694_938932317984994306_n.jpg?_nc_ht=scontent-mxp1-1.cdninstagram.com&_nc_cat=110,96,0,False,False
"My concert ritual ðŸ˜œ
So hungry and excited to see A-ha performðŸ˜Š
.
.
.
.
.
#leeds #firstdirectarena #concert #aha #me #polishwoman  #polskakobieta #model #redhair #style #fashion #love #pic #hungry #food #art #night #saturday #instagood",kasia_forgetmenot,kasia kolenkiewicz,B4sYIbCBAQq,1573407106,https://scontent-mxp1-1.cdninstagram.com/vp/c5f070c758aa7f4db80e558dd98fc697/5E55D819/t51.2885-15/e35/71876869_2409239382662508_7497930454592361964_n.jpg?_nc_ht=scontent-mxp1-1.cdninstagram.com&_nc_cat=100,46,0,False,False
"à¤¬à¥‡à¤§à¥à¤‚à¤¦ à¤®à¥€... #explore 
#naturelovers 
#maharashtra 
#kolhapur
#photooftheday 
#instagram 
#picoftheday 
#fashion 
#maharashtra 
#follow  #art  #beautiful  #followme  #nature  #model  #instadaily  #like4like  #style  #happy  #marathi  #life  #travel  #food  #follow4follow",swapd9818,Swapnil Dhekane,B4r1hJ8g_MY,1573388958,https://scontent-mxp1-1.cdninstagram.com/vp/6e759d61a613b43cda0f811c7b7c8318/5E672F94/t51.2885-15/e35/72966456_547281122514519_4637135367440935404_n.jpg?_nc_ht=scontent-mxp1-1.cdninstagram.com&_nc_cat=103,139,2,False,False
".
â€œA Good Traveler Had No Fixed Plans And Is Not Intent On Arriving.â€
.
.
.
.
.
.
#foodporn #travel #travelblogger #foodie #foodstagram #traveler #traveller #vegan #travelgram #instatravel #instatraveling #foodblog #blogger #dinner #instafood #instafood #delicious #foodphotography #foodblogger #instalikes #healthyfood #foodgasm #foodie #likeforlikes #photooftheday #foodporn #healthyfood #foods #travelphotography #vegetarian #food #foodlover #foodpic #foodblogger #foodlover #foodoftheday",poschology,______2______,B4rkzkGALPv,1573380196,https://scontent-mxp1-1.cdninstagram.com/vp/97c46fb093793dd9c399f6f6501335fd/5E45CA88/t51.2885-15/e35/70877805_515175895700646_7016242363513608589_n.jpg?_nc_ht=scontent-mxp1-1.cdninstagram.com&_nc_cat=106,108,3,False,False
"8/20/19:
ðŸ’âœ¨ My Melody âœ¨ ðŸ’•
 cute cafe in Shibuya ðŸ’®
ðŸŒ¸âœ¨ðŸ’žðŸ°ðŸ¦ðŸŽ€âœ¨ðŸŒ¸",sam.anth.aaa,â™¡  âœ¨ ð’®ð’¶ð“‚ð’¶ð“ƒð“‰ð’½ð’¶ âœ¨  â™¡,B4rW6cllR3C,1573372913,https://scontent-mxp1-1.cdninstagram.com/vp/0fdb552995b00501c90ebf4e0e4c81ab/5E60F37D/t51.2885-15/e35/p1080x1080/71525153_1030411187297121_2516734450570577949_n.jpg?_nc_ht=scontent-mxp1-1.cdninstagram.com&_nc_cat=109,223,2,False,False
#restaurant #food #foodie #instafood #dinner #bar #lunch #delicious #chef #cuisine #yummy #instagood #foodphotography #foodlover #foodstagram #wine #foodblogger #love #eat #drinks #like #cocktails #tasty #foodies #goodtimes #hamburg,ol_gina68,O.P.,B4qdET6oYcu,1573342585,https://scontent-mxp1-1.cdninstagram.com/vp/897e58746a670bda9d5e499f7118f43b/5E6086C3/t51.2885-15/e35/74921896_154380769105810_6039240639678978603_n.jpg?_nc_ht=scontent-mxp1-1.cdninstagram.com&_nc_cat=110,27,0,False,False
ðŸ—»,valeryfabrice,Valery Fabrice,B3P4qWPlN4h,1570303599,https://scontent-mxp1-1.cdninstagram.com/vp/b28be99d5afb42ea642abd5cd30bd683/5E56437D/t51.2885-15/e35/70697267_542063629897610_7101381962628132354_n.jpg?_nc_ht=scontent-mxp1-1.cdninstagram.com&_nc_cat=102,64,1,False,False
ðŸ˜²,valeryfabrice,Valery Fabrice,B3KmEC9Fe2h,1570126076,https://scontent-mxp1-1.cdninstagram.com/vp/8229e1cf38467a39c2cd15209704b8af/5E436A15/t51.2885-15/e35/p1080x1080/69855759_516378555859257_7580626314616059611_n.jpg?_nc_ht=scontent-mxp1-1.cdninstagram.com&_nc_cat=109,70,0,False,False
"Sambutlah mentari pagi dengan senyuman ðŸŒ·ðŸŒ¹ðŸ€ðŸðŸŒ±ðŸŒ¤ â€¢
â€¢
â€¢
ðŸ” #friends #smile #instagood #life #food #likeforlike #toptags #cute #happy #tbt #girl #fashion #instalike #followme #family #follow #nature #igdayly #instafollow #picoftheday #likeme #instamood #photooftheday #repost #igers #like4like #selfie #instadaily #likelike",mufidrozikin,mufid rozikin,B12T8rqhZej,1567298006,https://scontent-mxp1-1.cdninstagram.com/vp/602c438dccafe69de36daeb0e21d0e15/5E439ABB/t51.2885-15/e35/69449812_835480153514375_6635259592663757375_n.jpg?_nc_ht=scontent-mxp1-1.cdninstagram.com&_nc_cat=111,37,0,False,False
Into the wild ðŸŒ¿ðŸƒðŸ¦‹ðŸ,lauramichelotti,ðŸ¦‹LÎ±Ï…ÑÑ”Ñ‚Ñ‚Î±ðŸ¦‹,B0BxfeFIOo5,1563387627,https://scontent-mxp1-1.cdninstagram.com/vp/b71da9ccd23b34bad6315e0d869ab4da/5E551DE3/t51.2885-15/e35/66290480_336799777222421_3460904178416316220_n.jpg?_nc_ht=scontent-mxp1-1.cdninstagram.com&_nc_cat=105,28,1,False,False
ðŸ•¶,lauramichelotti,ðŸ¦‹LÎ±Ï…ÑÑ”Ñ‚Ñ‚Î±ðŸ¦‹,BzqRn-kIVlW,1562599167,https://scontent-mxp1-1.cdninstagram.com/vp/88ea8b531e9a7abf1dc5d40218adaa88/5E4189E3/t51.2885-15/e35/66380566_421313772050151_7879426846604716826_n.jpg?_nc_ht=scontent-mxp1-1.cdninstagram.com&_nc_cat=103,77,1,False,False
"Shrimp Tacos ðŸ¤
ðŸ“· @nintendough84
.
.
.
.
#surfnoturf #tastethisnext #seafood #pescatarian #buzzfeast #yum #prawn #feedyoursoul #9gag #lunch #zagat #cheatmeal #cheatday #dinner #food #yummy #complex #eeeeeats #tasty #shrimp #foodie #eat #foodpics #foodphotography #hungry #lovefood",surfnoturf,Surf No Turf (Seafood Media),B4tMuWLj7VN,1573434680,https://scontent-mxp1-1.cdninstagram.com/vp/c6989b142568700948bb187e1e4a58d4/5E5AFFB6/t51.2885-15/e35/p1080x1080/74938564_2625098574180110_4900085156095622476_n.jpg?_nc_ht=scontent-mxp1-1.cdninstagram.com&_nc_cat=1,6929,47,False,False
#íŒŒë‹ˆë‹ˆ,muk_stagram__,ìŒì‹ lover,B4tLRaNlSkN,1573433918,https://scontent-mxp1-1.cdninstagram.com/vp/f466e3cd5fad15fa0ad027788a9c7b27/5E634781/t51.2885-15/e35/s1080x1080/69815130_434860557173812_8376012783695958333_n.jpg?_nc_ht=scontent-mxp1-1.cdninstagram.com&_nc_cat=104,216,6,False,False
"Dumplings from @spicekitchensf - homemade pork and cabbage dumplings
â€”
ðŸ—ºï¸: 432 Sutter St San Francisco, California 94109
â˜Žï¸: (415) 240-5317
â€”
ðŸ“· by @chinesefoodobsession
ðŸ“ by @peachonomics
ðŸ“ at @spicekitchensf
â€”
ðŸ‘‰ @bestfoodsf & @bestfoodfeed
#ï¸âƒ£ #BestFoodSF #BestFoodFeed #MyFab5
â€”
#SanFrancisco #SF #California #SanFranciscoFood #SFFood #Food #Restaurants #Eater #EEEEEATS #BuzzFeast #BuzzFeedFood #HuffPostTaste #Restaurant #EatFamous #ForkYeah #Breakfast #Lunch #Dinner",bestfoodsf,Best Food San Francisco,B4tKajin3cJ,1573433469,https://scontent-mxp1-1.cdninstagram.com/vp/f895ec0295fb89029e8a2b6cfe37cbbe/5E8C5667/t51.2885-15/e35/75360967_161659711607263_1875839246088892909_n.jpg?_nc_ht=scontent-mxp1-1.cdninstagram.com&_nc_cat=1,2137,21,False,False
"So rude of the person in front of us at @popeyeslouisianakitchen drive through to buy the last chicken sandwich today. I mean I put on pants, went outside in the cold and left my house for nothing.
If youâ€™re like me and havenâ€™t tried Popeyeâ€™s chicken sandwich yet - I have a buttermilk fried chicken sandwich recipe on foodsofjane.com thatâ€™s v v good!!",foodsofjane,Janey Schafer,B4tMTStpGDZ,1573434458,https://scontent-mxp1-1.cdninstagram.com/vp/2826cd91aa2a4ccae17b63e3a121dfa4/5E41760C/t51.2885-15/e35/p1080x1080/75239260_424655088207855_6411397113750510293_n.jpg?_nc_ht=scontent-mxp1-1.cdninstagram.com&_nc_cat=1,2414,40,False,False
"Nutella dreams at @IndustryCity - Nutella Obanyaki 
@japanvillagebrooklyn #IndustryCity #Food #GetInMyBelly #Yum #wayToMyHeart #Japan #JapaneseFood #NYCEats #newyorkeatscrepes 
#mecookmeeatpromotions #mecookmeeat 
Tag A Friend That Would Dig This!ðŸ‘«
âž–âž–âž–âž–âž–âž–âž–âž–âž–âž–âž–âž–âž–âž–âž–
Follow ðŸ‘‰ @MECOOKMEEATNOW
Follow ðŸ‘‰ @japanvillagebrooklyn
Follow ðŸ‘‰ @IndustryCity
âž–âž–âž–âž–âž–âž–âž–âž–âž–âž–âž–âž–âž–âž–âž–
ðŸ“¸& ðŸŽ¥ All rights and credit reserved to the respective owner(s)
â­ï¸â­ï¸ Post your best food pics with #MeCookMeEat â­ï¸â­ï¸",mecookmeeatnow,MeCookMeEat,B4s-QuThLje,1573427097,https://scontent-mxp1-1.cdninstagram.com/vp/89c67f1a6a6a18c8fbee02e2cf9332aa/5E4268B2/t51.2885-15/e35/71555802_245633023082503_9035514009084281581_n.jpg?_nc_ht=scontent-mxp1-1.cdninstagram.com&_nc_cat=107,2071,57,False,False
"RiÃ±on ðŸ”¥ Bien dorado y sÃºper tierno!!!! Especial con salsa provenzal. Unas 2 horas a la parrilla fuego medio. Vos cÃ³mo lo preparas??? Salud Amigos ðŸ·
.
.
.
#elmagococina #comidarica #asado #parrilla #asadoresargentinos #asado #wine #beer #comida #asador #food #meat #steak #bbq #foodlover #instafood #parrillero #bbqlover #meatlover #eat #asadoargentino #foodporn #grill #barbacue #foodlover #overthefirecooking",elmagococina,El Mago Cocina,B4tEmsZFDCM,1573430639,https://scontent-mxp1-1.cdninstagram.com/vp/726b248e08cfe43a9205bafa77ee6828/5DCB5994/t51.2885-15/e35/71708323_2383972708520996_2392011023144037746_n.jpg?_nc_ht=scontent-mxp1-1.cdninstagram.com&_nc_cat=1,3086,68,False,False
"Para terminar el Domingo con todo o guardarte esta receta para el que viene, cualquiera de las dos son vÃ¡lidas para que este Matambre de ðŸ· con ðŸ§€ y ðŸŒ°
.
Necesitas un horno fuerte, si tambiÃ©n tiene grill sos voâ€™ , una buena placa de horno y si es gruesa mejor.
Un matambre de cerdo hermoso, sal, pimienta, 2 cebollas , oliva y manteca.
Queso Atuel 150 gramos y Reggianito 100 gramos 
Y un par de pasos a seguir para que te quede bueno y mucho mÃ¡s rÃ¡pido de lo que pensas!!
Mando historias con El Paso a paso?? O escribo por acÃ¡? Que prefieren??
Me parece que lo mejor es que quede en destacadas asÃ­ lo pueden hacer siempre!!
.
.
#food #foodporn #domingo #picoftheday #homemade",cookvanoyen,Maximiliano Van Oyen,B4tDzTrHuEk,1573430002,https://scontent-mxp1-1.cdninstagram.com/vp/fea755d22f4bff805c677e28f42357b9/5E5ED72B/t51.2885-15/e35/p1080x1080/73081549_161650741607330_5522424610253977088_n.jpg?_nc_ht=scontent-mxp1-1.cdninstagram.com&_nc_cat=1,2053,53,False,False
"these Asiago Scalloped Potatoes are made with both white + sweet potatoes! âœ¨ double the deliciousness. ðŸ™‹ðŸ»â€â™€ï¸ recipe is on @howsweeteats ðŸ’‹
.
.
.
.

https://www.howsweeteats.com/2018/11/scalloped-potatoes-asiago/
#f52grams #fwx #feedfeed #kitchn #beautifulcuisines #foodblogeats #ABMfoodie #howsweeteats #thecookfeed #thewayweeat #foodandwine #tastingtable #heresmyfood #thebakefeed #bareaders #food #mywilliamssonoma #thanksgiving",howsweeteats,Jessica Merchant,B4tBsC1gLU0,1573428894,https://scontent-mxp1-1.cdninstagram.com/vp/e2ccaf4421069edfd3d19d8afca85811/5E5F0738/t51.2885-15/e35/p1080x1080/70702003_177089250101656_1770150926118786870_n.jpg?_nc_ht=scontent-mxp1-1.cdninstagram.com&_nc_cat=1,2347,40,False,False
