caption,username,fullname,shortcode,timestamp,imgUrl,likeCount,commentCount,isVideo,isAd,hashtags
"HUDSON MARKET BAKERS

#CAFE #COFFEE #HUDSONMARKETBAKERS
#TOKYO #DRINK #FOOD #FOODPORN",riisu_snap,RIISU æ¾é¼ è¦“é£Ÿ,B4wUtzKhlkF,1573539533,https://scontent-lax3-1.cdninstagram.com/vp/01dd9b31a97c8d49d774f2af7f22e6a9/5E56FE87/t51.2885-15/e35/s1080x1080/72668674_673939036467328_7431812160719464417_n.jpg?_nc_ht=scontent-lax3-1.cdninstagram.com&_nc_cat=104,0,0,False,False
GÃ¼naydÄ±n ğŸ˜ƒ gÃ¼zel bir kahvaltÄ± iÃ§in #antakyakahvaltÄ±evine bekleriz ğŸ´ğŸ½ğŸ¹â˜•ï¸ğŸ¥›ğŸ³ğŸ¥šğŸ¯ğŸ§€ğŸ¥–ğŸ¥ğŸğŸ¥¯ğŸ¥’ğŸŒ¶ğŸ…ğŸ˜Šâ˜ºï¸ #antakya #hatay #iskenderun #arsuz #kahvaltÄ± #food #breakfastattiffanys #photography #breakfast #istanbul #izmir #antalya #adana #goodlife #foodlifestyle #foodie #yemekfotografciligi #yÃ¶resel #lezzetduraÄŸÄ±,antakya_kahvalti_evi,Metin Tansal,B4wUtweppn9,1573539532,https://scontent-lax3-1.cdninstagram.com/vp/68617c035af25c6a4e3bf2f7321076d3/5E6637E6/t51.2885-15/e35/p1080x1080/73041805_159784885233589_2371984258846212340_n.jpg?_nc_ht=scontent-lax3-1.cdninstagram.com&_nc_cat=101,1,0,False,False
"MAU PUNYA SOLUSI BADAN IDEAL TANPA RIBETâ‰ï¸â‰ï¸ KITA ADA SOLUSI MUDAHNYAâ€¼ï¸ğŸ˜±
@distributor_buahplum
@distributor_buahplum
@distributor_buahplum
Optrimax Plum Delite yang berbentuk BUAH DAN ADA BIJINYAğŸ‘ yang pastinya AMAN UNTUK GINJAL KARENA BERBENTUK BUAHğŸ‘âœ”ğŸ’¯ dan kita JANJIKAN TIDAK AKAN KECEWAâ¤
.
Kenapa Harus Optrimax Plum Delite?
* 100% menggunakan bahan ALAMIğŸ‘
* TURUN 2-15 KG DALAM 1 BULANâœ”
* SETELAH 8 JAM KONSUMSI 98% AKAN PUPğŸ’©ğŸ’©
* berbentuk BUAH BUKAN PIL/KAPSULğŸ‘
* HALAL & LULUS TES UJI COBA DI BANYAK NEGARAğŸŒ
* Dapat dikonsumsi SEMUA UMURğŸ‘ª
* TIDAK KETERGANTUNGANâŒ
* SANGAT DIJANJIKAN TIDAK KECEWAâ€¼ï¸
* Akan kita PANTAU & BANTU perkembangannyağŸ‘ŒğŸ‘Œ
* HARGA TERJANGKAU KUALITAS TIDAK DIRAGUKANğŸƒâœ”
* TIDAK PERLU MENAHAN NAFSU MAKANâŒâŒâŒ
.
Order atau tanya-tanyağŸ‘‡ğŸ»
WA : 082138384383
Line : @ood9800h

#jakarta #makassar #hijabers #sumatera #bandung #bogor#raisa #kalimantan #sumaterautara #buahplumyogya #buahplumdiet #papua #lucintaluna #jawatengah #sulawesi #food #maluku #jawabarat #jawatimur #surabaya #jawa #manado #kondanganootd #pernikahan #arisan #pnsindonesia #karyawan #papua #yogyakarta #bekasi #bali",distributor_buahplum,OPTRIMAX PLUM DISTRIBUTOR,B4wUtioAouE,1573539531,https://scontent-lax3-1.cdninstagram.com/vp/f4f29847ec3a90724f626124f363d6fa/5E5A9290/t51.2885-15/e35/74603473_702511290269945_8292781100462232071_n.jpg?_nc_ht=scontent-lax3-1.cdninstagram.com&_nc_cat=105,0,0,False,False
#food#yum#yes#mexican#melbourne#yummy#blob,axxis_23,Axxi,B4wUtexnWU0,1573539530,https://scontent-lax3-1.cdninstagram.com/vp/b0d9e5a7f098a0cb41d3f28d3c968837/5E5C660B/t51.2885-15/e35/s1080x1080/71600967_496786537586576_659346480179974302_n.jpg?_nc_ht=scontent-lax3-1.cdninstagram.com&_nc_cat=108,0,0,False,False
ğŸ‘ŒğŸ‘ŒğŸ™ğŸ™#love #TFLers #tweegram #photooftheday #20likes #amazing #smile #follow4follow #like4like #look #instalike #igers #picoftheday #food #instadaily #instafollow #followme #girl #iphoneonly #instagood #bestoftheday #instacool #instago #all_shots #follow #webstagram #colorful #style #swag,sunsetsurferblue,sunset kid ğŸŒ´ğŸŒ´ğŸŒ´,B4wUtOBpSrz,1573539528,https://scontent-lax3-1.cdninstagram.com/vp/7696c85069a2c8efd098e5fbad251566/5E6726BC/t51.2885-15/e35/75244460_153847099195575_1833190877609480839_n.jpg?_nc_ht=scontent-lax3-1.cdninstagram.com&_nc_cat=103,0,0,False,False
"ğŸ¤ŸğŸ»ğŸ‘‘ğŸ˜à¤¸à¤¹à¤¾à¤°à¥‡ à¤¢à¥‚à¤¢à¤¼à¤¨à¥‡ à¤•à¥€ à¤†à¤¦à¤¤ à¤¨à¤¹à¥€à¤‚ à¤¹à¤®à¤¾à¤°à¥€,
à¤¹à¤® à¤…à¤•à¥‡à¤²à¥‡ à¤ªà¥‚à¤°à¥€ à¤®à¤¹à¤«à¤¼à¤¿à¤² à¤•à¥‡ à¤¬à¤°à¤¾à¤¬à¤° à¤¹à¥ˆà¤‚à¥¤
@alfaz_sumra_5
.
.
#sumra#miyabhai#follow #love #model #like4like #family #cute #fashion #photooftheday #art #instagood #summer #friends #instadaily #likeforlike #tagsforlikes #beautiful #repost #picoftheday #me #selfie #nature #smile #followme #tbt #food #fun #instalike #happy",alfaz_sumra_5,ğŸ‘‘ALFAZ_SUMRAğŸ‘‘ğŸ˜,B4wUtNLg9Wy,1573539528,https://scontent-lax3-1.cdninstagram.com/vp/a90520f726ad8cc7b3bc035f61db6ded/5E65AAD0/t51.2885-15/e35/70349345_155987908970677_1130478301223653985_n.jpg?_nc_ht=scontent-lax3-1.cdninstagram.com&_nc_cat=101,0,0,False,False
#love #TFLers #tweegram #photooftheday #20likes #amazing #smile #follow4follow #like4like #look #instalike #igers #picoftheday #food #instadaily #instafollow #followme #girl #iphoneonly #instagood #bestoftheday #instacool #instago #all_shots #follow #webstagram #colorful #style #swag,naseralqubaisi,,B4wUs0LpADK,1573539525,https://scontent-lax3-1.cdninstagram.com/vp/2edafb6b7b52bb78a887b7035d5bbb63/5E8D04ED/t51.2885-15/e35/72355300_153314306063615_7574299054956031495_n.jpg?_nc_ht=scontent-lax3-1.cdninstagram.com&_nc_cat=111,0,0,False,False
"The sea, once it casts its spell, holds one in its net of wonder forever.  Dive at Sharkpoint check â˜‘ï¸.
.
.
.
.
.
.
.
.
.
.
.
.
.
.
.
. .
â€¢
â€¢
â€¢
ğŸ” #friends #smile #instagood #life #food #likeforlike #toptags #cute #happy #tbt #girl #fashion #instalike #followme #family #follow #nature #igdayly #instafollow #picoftheday #likeme #instamood #photooftheday #repost #igers #like4like #selfie #instadaily #likelike",e_chowdhury_,Evan Chowdhury,B4wUswGDPGd,1573539524,https://scontent-lax3-1.cdninstagram.com/vp/1c3a0d64f24d31bddbb2564a8441fd9f/5E4A7889/t51.2885-15/e35/72144663_498754247379558_8041288166176898255_n.jpg?_nc_ht=scontent-lax3-1.cdninstagram.com&_nc_cat=106,0,0,False,False
#instajack7 #cats #animals #ĞºĞ¾Ñ‚Ñ #ĞºĞ¾ÑˆĞºĞ° #simonscat #Ğ²Ñ‹Ñ…Ğ¾Ğ´Ğ½Ñ‹Ğµ #Ğ´Ğ¾Ğ¼ #ÑĞ¼Ğ¾Ñ€ #Ğ¿Ñ€Ğ¸ĞºĞ¾Ğ»Ñ‹ #food #eat #Ñ€Ğ¶Ğ°ĞºĞ° #ÑĞ¼ĞµÑ… #fun #weekend #day #goodday #nice #ĞºĞ¾Ñ‚ #coffee #Ñ„Ğ¾Ñ‚Ğ¾Ğ´Ğ½Ñ #Ğ¾Ğ´ĞµĞ¶Ğ´Ğ° #Ğ¾Ğ±ÑƒĞ²ÑŒ #Ñ‚ÑƒÑ„Ğ»Ğ¸ #cat #vine #video #vlog,insta_jack7,Jack,B4wUsjdnso1,1573539522,https://scontent-lax3-1.cdninstagram.com/vp/4af75f7331dd3ceaed5639a1e2dbc36f/5E4EACD4/t51.2885-15/e35/76876300_106855353997769_204385463949120926_n.jpg?_nc_ht=scontent-lax3-1.cdninstagram.com&_nc_cat=105,1,0,False,False
"#buongiorno ci siamo quasi...... #comingsoon seguiteci @lafenicerestaurant....... #vogliadicaffÃ¨? Tutti i giorni dalle 7 alle 9 #specialecolazione a soli 1.50 euro (caffÃ¨ o cappuccino + brioche)
#pranzoveloce #chiama prenota il tuo pranzo........
#nonsolobar ma anche un ristorante venite a gustare i nostri piatti alla carta..... #sempreaperti #dallacolazioneallacena #dalnordalsud #cosebuonedamangiare #gnangnam #foodporn #food #nonsolobar #thefork #sitoweb #lafeniceaosta #regborgnalle #felicitÃ  #prenotaprima #pranzoveloce #lanostraforzasietevoi #ONAIR #colazionealbar #unpizzicodifollia #NOVITAINARRIVO #newpost",lafenicerestaurant,La Fenice,B4wUsNeovs9,1573539520,https://scontent-lax3-1.cdninstagram.com/vp/c7b3023935d82f485054e2d287dd1611/5E5FBA2C/t51.2885-15/e35/71707823_421342118538385_6520509078217770775_n.jpg?_nc_ht=scontent-lax3-1.cdninstagram.com&_nc_cat=101,0,0,False,False
#fun #instagramers #food #smile #pretty #followme #nature #lol #dog #hair #onedirection #sunset #swag #throwbackthursday #instagood #beach #statigram #friends #hot #funny #blue #life #art #instahub #photo #cool #pink #bestoftheday #clouds,vrcreative_,We Areâ„¢,B4wUsHchpmD,1573539519,https://scontent-lax3-1.cdninstagram.com/vp/30e9a4e0bb41aa04eae7253a887020e4/5E57A61E/t51.2885-15/e35/p1080x1080/72125509_149672339646597_1060213579366301732_n.jpg?_nc_ht=scontent-lax3-1.cdninstagram.com&_nc_cat=109,0,0,False,False
"ë‹¤ìŒì—” ì¢€ ì›ƒì~^^ .
.
.
.
.
.
.
.
.
.
.
.
.
.
#ìœ¡ì•„ìŠ¤íƒ€ê·¸ë¨ #ìœ¡ì•„ #ìœ¡ì•„ë§˜ #ì•„ë“¤ #ë¨¹ìŠ¤íƒ€ê·¸ë¨ #ì•„ë“¤ë§˜ #daily #ë°ì¼ë¦¬ #ì¼ìƒ #instadaily #ì• ìŠ¤íƒ€ê·¸ë¨ #ootd #dailylook #ê°€ì¡± #family #trip #ì—¬í–‰ #ì—¬í–‰ìŠ¤íƒ€ê·¸ë¨ #selfie #kid #instakids #ì–¼ìŠ¤íƒ€ê·¸ë¨ #food #instafood #ë§›ìŠ¤íƒ€ê·¸ë¨ #ë¨¹ë°© #getaway #halloween #funtimes #garden",chloeintheus,ChloeğŸ’ ğŸ‡°ğŸ‡·ğŸ‡ºğŸ‡¸,B4wUsKfFmaC,1573539519,https://scontent-lax3-1.cdninstagram.com/vp/a8dd7c69ca7ac185125de7c0adb58901/5E5C533C/t51.2885-15/e35/p1080x1080/74842330_123801212040027_8768532941633312490_n.jpg?_nc_ht=scontent-lax3-1.cdninstagram.com&_nc_cat=103,2,0,False,False
"Pork butt rubbed with Smokey Joes Cuban rub... why not try something a little different on your meat check out our website for the full range with free delivery Australia wide .
.
.

#barbecue #bbq #grill #grilling #foodie #food #brisket #foodporn #ribs #barbeque #instafood #meat #smokedmeat #smoker #bbqlife #smoke #catering #togo #restaurant #instagood #steakdinner #pnw #burntends",smokeyjoesrubs,Smokey Joes Rubs,B4wUsBSBjAq,1573539518,https://scontent-lax3-1.cdninstagram.com/vp/f2dc337ab419147195c1408a94093d85/5E54054A/t51.2885-15/e35/72671293_538657780259907_3384372625748520713_n.jpg?_nc_ht=scontent-lax3-1.cdninstagram.com&_nc_cat=103,0,0,False,False
Todayâ€™s lunch box! #lunch #lunchbox #lunchboxideas #lunchtime #yummy #food #cooking #eat #homemade #homemadefood #ä¾¿ç•¶ #å¼å½“ #åˆé¤,firstinline84,WendyLiang,B4wUr8qF9qx,1573539517,https://scontent-lax3-1.cdninstagram.com/vp/f0d058b61cc822274dc970de2f70a52d/5E4FF45B/t51.2885-15/e35/p1080x1080/71678316_890933461328081_7180339423495767114_n.jpg?_nc_ht=scontent-lax3-1.cdninstagram.com&_nc_cat=105,1,0,False,False
"ã“ã‚“ã«ã¡ã¯ğŸ˜Š
TEA HOUSE laCASA â™¥ï¸
â¤ï¸ã‚¢ãƒ•ã‚¿ãƒŒãƒ¼ãƒ³ãƒ†ã‚£ãƒ¼set
â¤ï¸ã„ã¡ã˜ãã®ã‚·ãƒ§ãƒ¼ãƒˆã‚±ãƒ¼ã‚­&ãƒãƒ³ã‚´ãƒ¼ã‚¸ãƒ¥ãƒ¼ã‚¹ğŸ¹
å°ã•ãªäº‹ã ã‘ã©â€¦ğŸ˜Œå¯æ„›ãã¦å¹¸ã›ãªæ°—æŒã¡ã«ãªã‚‹ã‚ğŸ’
ã•ãã€œä½•ã‹ã‚‰é£Ÿã¹ã‚‹ï¼ŸğŸ˜‹
#ã“ã‚“ã«ã¡ã¯#ãŠã‚„ã¤#3æ™‚ã®ãŠã‚„ã¤#ã‚«ãƒ•ã‚§#ã‚«ãƒ•ã‚§å·¡ã‚Š#ã‚¢ãƒ•ã‚¿ãƒŒãƒ¼ãƒ³ãƒ†ã‚£ãƒ¼#ã‚»ãƒƒãƒˆ#å¯æ„›ã„#ã„ã¡ã˜ã#ã‚«ãƒƒãƒ—ã‚±ãƒ¼ã‚­#ç´…èŒ¶#ã‚¹ã‚³ãƒ¼ãƒ³#ãƒ•ãƒ«ãƒ¼ãƒ„#ãƒ¬ã‚¢ãƒãƒ¼ã‚ºã‚±ãƒ¼ã‚­#è‡³ç¦#æ™‚é–“#ã‚ã‚ŠãŒã¨ã†#å¹¸ã›#ã‚†ã£ãã‚Š#ã®ã‚“ã³ã‚Š#lovely#happy#thanks#japan #cafe#food#cute",audi_331,â˜ºï¸Hanaâ˜ºï¸,B4wUr2iFl3c,1573539517,https://scontent-lax3-1.cdninstagram.com/vp/cebe7c321b0e42bc7ec052fb7099985b/5E8CDC9A/t51.2885-15/e35/s1080x1080/70366861_2422950737970115_779331574198665957_n.jpg?_nc_ht=scontent-lax3-1.cdninstagram.com&_nc_cat=107,0,0,False,False
"#keluargaMAWARDI â€œSelamat Hari Ayah untuk ayah seluruh Indonesia. Bersama seorang ibu, kalian adalah pilar peradaban sebuah bangsa."" Ayah adalah pendamping ibu yang merupakan pilar dan landasan sebuah bangsa. Tanpa ayah dan ibu tidaklah tercipta Kita. Kita sebagai generasi penerus bangsa diciptakan dari seorang ayah yang rela berkorban dan berusaha sepenuh hati untuk anaknya.

#smile #instagramers #pretty #food #friends #like #lol #nature #hair #onedirection #swag #beach #funny #bored #life #cool #blue #dog #pink #art #versagram #sunset #hot #photo #instahub #my #tagblender #family #throwbackthursday
@mr_mawardi @ferawaningsih",zahira.ndi,Zahira Nabila Mawardi,B4wUr2rAS1b,1573539517,https://scontent-lax3-1.cdninstagram.com/vp/5624c9f520a6c4129f59c6bcfe9d2078/5E4D7574/t51.2885-15/e35/71702674_413517439328211_6570739180978131444_n.jpg?_nc_ht=scontent-lax3-1.cdninstagram.com&_nc_cat=103,1,0,False,False
"Any matcha lovers out there???!
First time i tried matcha, I was not a fan, but this... this matcha lava cake with matcha ice cream right here changed my mind ğŸ˜‹ ğŸ° ğŸ‚ ğŸ§ ğŸ¨ ğŸ® ğŸ¦ .
.
.
.
.
.
#food #foodie #manhattan #city #newyork #nyc #downtown #matcha #lavacake #icecream #chocolate #lava #soft #tasty #delicious #yummy #savory #dessert #alwaysroomfordessert #bloated #lodhifullybloated",lodhifullybloated,LODHIFULLYBLOATED,B4wUr0RA5Gd,1573539516,https://scontent-lax3-1.cdninstagram.com/vp/08584ca22b9769fcd81caeb468c779e9/5E5C922A/t51.2885-15/e35/73480746_464899260808834_5031331747880604200_n.jpg?_nc_ht=scontent-lax3-1.cdninstagram.com&_nc_cat=110,1,0,False,False
"ê¹”ã…¡ë”
.
.
.

#ì•ˆì„±#ë§›ì§‘#ì•ˆì„±ë§›ì§‘#ë¨¹ë°©#ë§›ìˆìœ¼ë©´0ì¹¼ë¡œë¦¬#ì¡´ë§›#ì¡´ë§›íƒ±#ìŒì‹#food#foodporn#ë§›ìŠ¤íƒ€ê·¸ë¨#ë¨¹ìŠ¤íƒ€ê·¸ë¨#ìŒì‹ìŠ¤íƒ€ê·¸ë¨#jmt#ì¼ìƒ#ì¼ìƒê·¸ë¨#ì¼ìƒì†Œí†µ#ì¼ìƒìƒ·#ì¼ìƒê¸°ë¡#ì¼ìƒìŠ¤íƒ€ê·¸ë¨#ì¼ìƒì†Œí†µ#ì¢‹ì•„ìš”#íŒ”ë¡œìš°#ìœ¡ì²œëˆê¹ŒìŠ¤#ì•ˆì„±ë§›ì§‘#ì•ˆì„±ë§›ì§‘ì¶”ì²œ#ê³µë„ë§›ì§‘#ëˆê¹ŒìŠ¤ë§›ì§‘#ì•ˆì„±ëˆê¹ŒìŠ¤#í•¨ë°•ìŠ¤í…Œì´í¬#íŒŒìŠ¤íƒ€#ëˆê¹ŒìŠ¤",splendorinthe,grass,B4wUryXJ0Vn,1573539516,https://scontent-lax3-1.cdninstagram.com/vp/767530643918b68ff5931c90aa4f07e9/5E48F489/t51.2885-15/e35/s1080x1080/71811589_555776248570761_4140835352377366722_n.jpg?_nc_ht=scontent-lax3-1.cdninstagram.com&_nc_cat=109,2,0,False,False
"Follow the Most beautiful Banker turned Baker @meghnasfoodmagic
Can you smell this egg curry? 
Love M #ChefMeghna #comingsoon #eggs #eggcurry #recipe #india #follow #picoftheday #photooftheday #photography #instagood #love #fashion #travel 
#instafood #yum #delicious #foodporn #foodgasm #food #yummy #healthyeating #healthyfood #healthy #chef #nomnomnom #foodphotography #indianfoodblogger #foodiesofindia #indianfood",bolydance_3,Bolydance,B4wUoZrJ5CN,1573539515,https://scontent-lax3-1.cdninstagram.com/vp/c0bd8cf50b82fdbb2a833dcde8e4ab95/5DCD267D/t51.2885-15/e35/74919593_2461714794157591_3282596792096624597_n.jpg?_nc_ht=scontent-lax3-1.cdninstagram.com&_nc_cat=107,2,0,False,False
Through back ginger bread house 2016.#power360 #followmeinsta#food #foodporn #hungry #breads #xmascookies,green_and_greek,Katie Scarlet,B4wUrjBFHJ4,1573539514,https://scontent-lax3-1.cdninstagram.com/vp/88c71f6ecc3858388067f27e2ed36bb8/5E4F6731/t51.2885-15/e35/72205015_2375136612726151_8540307992964428639_n.jpg?_nc_ht=scontent-lax3-1.cdninstagram.com&_nc_cat=107,0,0,False,False
"DIET HERBAL TANPA OLAHRAGA?
DIET PRAKTIS TANPA RIBET?ğŸ˜
ğŸ OPTRIMAX PLUM DELITE ğŸ

Dapat menurunkan berat badan 2-7kg dalam 2minggu tanpa efek samping.
Aman untuk di konsumsi, kenapa? Karena perusahaan kita sudah berdiri 28 tahun.
Di akui oleh (halal, MUI, BPOM dan FDA-BPOM internationalnya)

Buah plum berbentuk buah yg telah dikeringkan dan masih ada bijinya.
(Bukan ""OBAT"" ataupun ""SERBUK"") Fungsi Optrimax buah plum:
ğŸ‘‰ detox sistem pencernaan yang menyehatkan
ğŸ‘‰ Berat badan turun
ğŸ‘‰ Membersihkan usus besar
ğŸ‘‰ Mencegah kolestrol

Dari Taiwan dengan Grade A+
ğŸ‘ Probiotik
ğŸ‘ Pu'er tea (Fat Blocker)
ğŸ‘ Green tea (Fat Burn) ğŸ‡ OPTRIMAX JELLY DELITE ğŸ‡
Jelly enak rasa blueberry yang siap dimakanğŸ’‹ siap turunin berat badanğŸ™

Apa sih kelebihannya?
ğŸ‘‰100herbalğŸƒ
ğŸ‘‰Ekstrak teh hijauğŸƒ
ğŸ‘‰Vitamin CğŸ’
ğŸ‘‰Mengandung probiotikğŸ‘

Efeknya?
ğŸ‘‰Menahan nafsu makan
ğŸ‘‰Memblock lemak
ğŸ‘‰Menurunkan korestrol
Dan masi banyak lagiğŸ˜ğŸ˜ğŸ˜ Info? Order? Reseller?
Contact me
WA : 081285152862
Ig : @fastdiet.id

HARGA TERMURAH HANYA DISINI!
.
#plum #diet #dieting #dietingtips #healthyfood #healthylifestyle #healthy #weightlosstransformation #weightlossjourney #weightloss #fitness #fruit #herbaliferesults #fatlossjourney #cleaneating #weightlosssupport #weightlossmotivation #healthyeating #caloriecounting #food #dietfood #nutritions #janethes",fastdiet.id,.....,B4wUrjngCW2,1573539514,https://scontent-lax3-1.cdninstagram.com/vp/1220e65c3af2ea8e72446c19c6b6d98f/5E5C82B7/t51.2885-15/e35/73063223_2179278609043938_3350646001523131913_n.jpg?_nc_ht=scontent-lax3-1.cdninstagram.com&_nc_cat=106,0,0,False,False
"à¤ªà¤¹à¤²à¥€ à¤¨à¥‰à¤¨à¤µà¥‡à¤œ à¤ªà¥‹à¤¸à¥à¤Ÿ à¤¹à¥ˆ à¤«à¤¿à¤° à¤à¤• à¤²à¤¾à¤ˆà¤• à¤¤à¥‹ à¤¬à¤¨à¤¤à¤¾ à¤¹à¥ˆ ğŸ˜‚ğŸ˜‚ğŸ˜‚ Please Follow Us and Support Us ğŸ™ğŸ™ğŸ™
@gujju_nautanki_2000
@gujju_nautanki_2000
@gujju_nautanki_2000
@gujju_nautanki_2000
@gujju_nautanki_2000
@gujju_nautanki_2000
@gujju_nautanki_2000
@gujju_nautanki_2000

#love #TFLers #tweegram #photooftheday #20likes #amazing #smile #follow4follow #like4like #look #instalike #igers #picoftheday #food #instadaily #instafollow #followme #girl #iphoneonly #instagood #bestoftheday #instacool #instago #all_shots #follow #webstagram #colorful #style #swag",gujju_nautanki_2000,GUJJU NAUTANKI ğŸ˜…ğŸ˜‚ğŸ¤£,B4wUrU6HsWA,1573539512,https://scontent-lax3-1.cdninstagram.com/vp/e1c5d7e06e98e64b55570cec91efadf4/5E509AF8/t51.2885-15/e35/73110188_244981609807399_3318809882146274876_n.jpg?_nc_ht=scontent-lax3-1.cdninstagram.com&_nc_cat=107,2,0,False,False
â€¢ I really miss scarefest ğŸ˜­ğŸ˜­â€¢ #love #TagsForLikes #TFLers #tweegram #photooftheday #20likes #amazing #smile #follow4follow #like4like #look #instalike #igers #picoftheday #food #instadaily #instafollow #followme #girl #iphoneonly #instagood #bestoftheday #instacool #instago #all_shots #follow #webstagram #colorful #style #swag,lindsay_christine_20,ğŸ’¯Ginger ğŸ˜˜,B4wUrNol2f9,1573539511,https://scontent-lax3-1.cdninstagram.com/vp/b56012a15e7a4abd72eddcfae1d23c5a/5E455FD5/t51.2885-15/e35/p1080x1080/71950854_378299736227748_6580809221482750916_n.jpg?_nc_ht=scontent-lax3-1.cdninstagram.com&_nc_cat=100,1,0,False,False
"Ğ£Ñ‡ĞµĞ½Ñ‹Ğµ ÑÑ‡Ğ¸Ñ‚Ğ°ÑÑ‚, Ñ‡Ñ‚Ğ¾ Ğ¸Ğ¼ĞµĞ½Ğ½Ğ¾ Ğ²Ñ‚Ğ¾Ñ€Ğ½Ğ¸Ğº ÑĞ²Ğ»ÑĞµÑ‚ÑÑ ÑĞ°Ğ¼Ñ‹Ğ¼ Ğ¿Ñ€Ğ¾Ğ´ÑƒĞºÑ‚Ğ¸Ğ²Ğ½Ñ‹Ğ¼ Ğ´Ğ½ĞµĞ¼ Ğ½ĞµĞ´ĞµĞ»Ğ¸! â˜ğŸ¼
Ğ¢ĞµĞ±Ğµ Ğ¿Ğ¾Ğ½Ğ°Ğ´Ğ¾Ğ±Ğ¸Ñ‚ÑÑ Ğ¼Ğ½Ğ¾Ğ³Ğ¾ ÑĞ¸Ğ»! â˜ºï¸
Ğ¡Ñ‹Ñ‚Ğ½Ñ‹Ğ¹ Ğ¾Ğ±ĞµĞ´ - Ğ»ÑƒÑ‡ÑˆĞµĞµ ÑÑ€ĞµĞ´ÑÑ‚Ğ²Ğ¾! ğŸ¤¤ğŸ‘ğŸ» ________
ğŸŒĞĞ°Ñˆ ÑĞ°Ğ¹Ñ‚-http://www.555277.ru/
ğŸ“²Ğ—Ğ°ĞºĞ°Ğ·Ğ°Ñ‚ÑŒ- 555-277; ğŸššĞ‘ĞµÑĞ¿Ğ»Ğ°Ñ‚Ğ½Ğ°Ñ Ğ´Ğ¾ÑÑ‚Ğ°Ğ²ĞºĞ°.
_____
#Ğ´Ğ¾ÑÑ‚Ğ°Ğ²ĞºĞ¸Ğ½ #Ğ´Ğ¾ÑÑ‚Ğ°Ğ²ĞºĞ°Ğ²ĞµĞ»Ğ¸ĞºĞ¸Ğ¹Ğ½Ğ¾Ğ²Ğ³Ğ¾Ñ€Ğ¾Ğ´ #Ğ²Ğ½53 #Ğ´Ğ¾ÑÑ‚Ğ°Ğ²ĞºĞ¸Ğ½Ğ²Ğ½ #Ğ²ĞµĞ»Ğ¸ĞºĞ¸Ğ¹Ğ½Ğ¾Ğ²Ğ³Ğ¾Ñ€Ğ¾Ğ´ #Ğ¿Ğ¸Ñ†Ñ†Ğ°53 #pizzavn #velikiynovgorod #ĞµĞ´Ğ° #food",dostavkin_n,DĞ¾ÑÑ‚Ğ°Ğ²ĞºĞ¸Ğ½,B4wUrCTIqmy,1573539510,https://scontent-lax3-1.cdninstagram.com/vp/22c902eabd233e1a75cacbfc2d4fb95b/5E8BFCE4/t51.2885-15/e35/p1080x1080/75288577_417942938873490_1827669769515258_n.jpg?_nc_ht=scontent-lax3-1.cdninstagram.com&_nc_cat=106,1,0,False,False
#goodmorning #breakfast #ontbijt #feestontbijt #boterhampindakaasbanaan #food #foodphotography #foodporn #oneofmyfaves #goodfood #instafood #smakelijketen #haveaniceday #lekkerestartvandedag #haveanicemeal #hungry #pindakaas #calve #banaan #yesyesyes,anne_inbalans,Anne |ğŸ‘¶ğŸ¼Tess | 28 | NL |ğŸ“Weert,B4wUq6qFYqT,1573539509,https://scontent-lax3-1.cdninstagram.com/vp/cff71a5dda5bf2e1e5e24f865505a867/5E4A21A6/t51.2885-15/e35/72973109_577785542974345_7528150125434186793_n.jpg?_nc_ht=scontent-lax3-1.cdninstagram.com&_nc_cat=101,2,0,False,False
"Waouh Ã§a a fait une photo colorÃ©e !! Tout comme le contenu du bol, qui est une bombe dâ€™Ã©nergie. 
Fini les viennoiseries et autres Â«Â cochonneriesÂ Â», on se reprend en main. AprÃ¨s un an de grand Â«Â nâ€™importe quoiÂ Â» et 10kg ğŸ˜­, on rÃ©Ã©quilibre. 
Bon ok le sorbet et la glace de Monsieur hier sont des Ã©carts ğŸ˜¬
Mais pour moi, manger reste un plaisir, un moment de partage et quelque chose dâ€™important. 
Alors le rÃ©gime drastique des diÃ©tÃ©ticiens et nutritionnistes (si si... ils sont excessifs! et je nâ€™en ai pas consultÃ© quâ€™un seul ğŸ˜‰) trop peu pour moi. On va faire Ã§a Ã  ma faÃ§on. 
Je sens que certains ricanent ğŸ¤¨... Wait and see. ğŸ˜‰
Puis je lâ€™ai Ã©crit sur IG, maintenant je suis obligÃ©e de mâ€™y tenir ğŸ˜‚
#healthy #healthy #food #healthyfood #fruit #amande #healthylife #foodporn #breakfast",s_terre,,B4wUqvpCwMF,1573539508,https://scontent-lax3-1.cdninstagram.com/vp/02644028d728b3ff8f8515a72bfba103/5E589F67/t51.2885-15/e35/s1080x1080/71344350_164504887969446_7732091257429640782_n.jpg?_nc_ht=scontent-lax3-1.cdninstagram.com&_nc_cat=106,4,1,False,False
"Enjoy Tuesday Fun Offer

Classic & Premium Pizza
Regular Pizza Rs 99/-
Medium Pizza Rs 149/-
Large Pizza Rs 199/- Special Medium Pizza Rs 249/- Contact No: 9099910971 / 9099910972
(Call us for free home delivery)
Address: 42, Prime Shoppers, Opp. Safal Square, Udhana Magdalla Road, Surat.

#pizza #food #foodporn #foodie #instafood #pizzatime #pasta #italianfood #pizzalover #pizzeria #yummy #foodblogger #foodphotography #love #cheese #pizzalovers",neopolitanpizza_vesu,Neo Politan Pizza Vesu,B4wUqyQAUju,1573539508,https://scontent-lax3-1.cdninstagram.com/vp/cd25de30656388b21f466384dbe90bde/5E5C976E/t51.2885-15/e35/s1080x1080/73475354_396829637865222_1706903474554192298_n.jpg?_nc_ht=scontent-lax3-1.cdninstagram.com&_nc_cat=106,0,0,False,False
#fun #instagramers #food #smile#pretty #love #meme #comedy #jokes #newmemes #adultmemes #funnyvideos #fun #instagramers #food #smile#pretty #love #meme #comedy #jokes #newmemes #adultmemes #funnyvideos,funny_world.1,Funny world,B4wUqsXJGql,1573539507,https://scontent-lax3-1.cdninstagram.com/vp/9aebd123021d05220f06f3361e26018c/5E4FBA77/t51.2885-15/e35/72487885_790236351430378_8678122579958198790_n.jpg?_nc_ht=scontent-lax3-1.cdninstagram.com&_nc_cat=110,3,0,False,False
ğŸ¥ª #madmadketing #marketing #socialmedia #instamarketing #digitalmarketing #contentmarketing #socialmediamarketing #igers #igersverona #verona #packaging #packagingdesign #packagingideas #tuesday #food #sandwich,madmadketing,Mad//madketing,B4wUqpKoAsr,1573539507,https://scontent-lax3-1.cdninstagram.com/vp/f3ff38811b5d375e49b48dc6e1685dd4/5E45C0C0/t51.2885-15/e35/s1080x1080/73040686_787230395034117_2046208506105769407_n.jpg?_nc_ht=scontent-lax3-1.cdninstagram.com&_nc_cat=109,0,0,False,False
Beautiful day yesss ğŸ˜Šâ˜• #letseat #food #eathealthy #ë¨¹ê³  #ì˜ë¨¹ê³ ê°‘ë‹ˆë‹¤ #ë°© #ê±°í”¼ #ì•„ì¹¨ë°¥ #yummy #ë§›ìˆë‹¤ğŸ‘,renataregina17,ë ˆê¸°ë‚˜,B4wUqnVJeZ3,1573539507,https://scontent-lax3-1.cdninstagram.com/vp/09dbdf637b6b629358f3d7f61a2726b2/5E60D9C2/t51.2885-15/e35/73505104_443084743078415_4398500776429319928_n.jpg?_nc_ht=scontent-lax3-1.cdninstagram.com&_nc_cat=111,1,0,False,False
"HUDSON MARKET BAKERS

ä½åœ¨éº»å¸ƒåç•ªçš„Hudson Market Bakersæ˜¯ä¸€å®¶è›‹ç³•å°ˆé–€åº—ï¼Œä»¥ç™½è‰²èˆ‡é»‘è‰²ç‚ºåŸºæœ¬è‰²èª¿åº—é¢ä½œç‚ºè¨­è¨ˆï¼Œè®“äººè·¯éä¹‹éš›éƒ½æœƒæƒ³å·çœ‹ä¸€ä¸‹ã€‚è¸å…¥åº—å…§çœ¼å‰å°±æ˜¯æ”¾æœ‰è›‹ç³•çš„å†·è—æ«ƒï¼Œæœ€æ·±è™•å‰‡ç‚ºå’–å•¡ç”¨é¤å€ã€‚
äººæ°£ç”œå“æ˜¯å¡—æŠ¹è‘—å¤§é‡å¥¶æ²¹çš„ç´…è˜¿è””è›‹ç³•ï¼Œå£æ„Ÿéå¸¸æ¿ƒéƒï¼Œä¹Ÿèƒ½æ„Ÿå—åˆ°ç¾åœ‹ç”œé»æ‰æœ‰çš„ç”œå‘³ã€‚

é›»è©±
03-5545-5458
ç‡Ÿæ¥­æ™‚é–“
11 - 20
åœ°å€
æ±äº¬éƒ½æ¸¯åŒºéº»å¸ƒåç•ª 1-8-6
ç¶²ç«™
https://hudsonmarketbakers.jp

#æ¾é¼ æ¨è–¦

ã‚­ãƒ£ãƒ­ãƒƒãƒˆã‚±ãƒ¼ã‚­ Â¥440
ãƒ”ãƒ¼ã‚«ãƒ³ãƒãƒ§ã‚³ãƒ¬ãƒ¼ãƒˆãƒãƒ£ãƒ³ã‚¯ Â¥350

#CAFE #COFFEE #HUDSONMARKETBAKERS
#TOKYO #DRINK #FOOD #FOODPORN",riisu_snap,RIISU æ¾é¼ è¦“é£Ÿ,B4wUqMJhG6l,1573539503,https://scontent-lax3-1.cdninstagram.com/vp/bd06765ac13bd0f81c632d88580caeac/5E4432F7/t51.2885-15/e35/73372141_418368728856243_8545823811520880950_n.jpg?_nc_ht=scontent-lax3-1.cdninstagram.com&_nc_cat=103,0,0,False,False
"Haisom x fish ball x fish â€¢
â€¢
â€¢
ğŸ´ #food #foodofinstagram #foodie #toptags #instafood #yummy #sharefood #instaeat #foodstagram #heresmyfood #foodiegram #foodlovers #amazingfood #foodforlife #tasty #foodpictures #foodlover #delicious #foodstyle #foodpic #foodie #foodpics #foodblog #foodtime #all_food_passion #foodheaven #foods #foodblogger #igfood",micelsfooddiary,Micelâ€™s Diary,B4wUp7DFuJH,1573539501,https://scontent-lax3-1.cdninstagram.com/vp/86ed93db948e0b2e4e89a231d1ff43f6/5E447164/t51.2885-15/e35/s1080x1080/75244411_476034216593172_8806441018330570201_n.jpg?_nc_ht=scontent-lax3-1.cdninstagram.com&_nc_cat=100,3,0,False,False
ach#nyc#fun#goals#TBT#photo#photoshoot#Home#sexy#healthy#style#amazing#food#fitfam#USA#outfit#funny#Beautiful#hair#like#beauty#Repost#bestoftheday#foodporn#fashionblogger#sun#TagsForLikes#instagram#girls#pink#S,jyoti__kumari_143,jyoti__kumari,B4wUpw2FZuL,1573539500,https://scontent-lax3-1.cdninstagram.com/vp/a1646a3d812f37166645990c36b83bb5/5E47E56E/t51.2885-15/e35/75586286_2430606667202538_9113389711690941134_n.jpg?_nc_ht=scontent-lax3-1.cdninstagram.com&_nc_cat=106,2,0,False,False
La Bella Cucina Ristorante #cambuicampinas #food #italianfood,rubensleandros,Rubens Leandro,B4wUpztnBQx,1573539500,https://scontent-lax3-1.cdninstagram.com/vp/3eb49663191c023b1292fe903e4d88f2/5E58A3DD/t51.2885-15/e35/p1080x1080/72160155_431195021148900_5492200045611358579_n.jpg?_nc_ht=scontent-lax3-1.cdninstagram.com&_nc_cat=100,0,0,False,False
"Swipe â¬…ï¸ for more photos

EATS REVIEW: Tatsunoko Bento-ya at FB Homes Paranaque

VERDICT: 3/5

COMMENTS: 
I ordered katsudon. Pork was dry and it's like something your mom tried cooking for the first time. Presentation was sakto lang The restaurant looks like an extra room in a house converted to serve such a function. However, what I like is the super fast service. When I say super fast it is less than 10 minutes. The staff were warm and it is easy to get a table. This is okay if you have craving for Japanese food at a super affordable price. What I ate just cost 170php and there is no service charge. I saw some appetizers in the menu which cost as low as 60php. If you are used to fine dining though, this is not recommended since the taste is just totally average. Another good thing though is that this will be sure to fill you up since the serving is a lot...like almost 2x the serving of Tokyo Tokyo.

#tatsunoko #food #foodie #latelunch #japanese #katsudon #pork",travellingtrixie888,Trixie Dauz,B4wUpl2Bi0d,1573539498,https://scontent-lax3-1.cdninstagram.com/vp/5fa26f1f748a6a5ed2b5fe6413e0feac/5E58A9EE/t51.2885-15/e35/73184787_2451133105163298_2270280686150191693_n.jpg?_nc_ht=scontent-lax3-1.cdninstagram.com&_nc_cat=106,0,0,False,False
"Bullet uh pandi ğŸ¤£ğŸ¤£ğŸ¤£ #love
#instagood
#photooftheday
#fashion
#beautiful
#happy
#cute
#tbt
#like4like
#followme
#picoftheday
#follow
#me
#selfie
#summer
#art
#instadaily
#friends
#repost
#nature
#girl
#fun
#style
#smile
#food",silaki_dumma_18plus,tamil_18_plus_memes,B4wUoVzBwoM,1573539498,https://scontent-lax3-1.cdninstagram.com/vp/5c954ebe82ab21e5ff8b30853d5d263e/5DCCD7E9/t51.2885-15/e35/72272460_178365183318513_2955430339901722326_n.jpg?_nc_ht=scontent-lax3-1.cdninstagram.com&_nc_cat=109,2,0,False,False
"ëŒ€í•˜ ë²„í„°êµ¬ì´ ëƒ ëƒ 

#ë¨¹ìŠ¤íƒ€ê·¸ë¨ #ìš”ë¦¬ #ëŒ€í•˜êµ¬ì´ #ë²„í„°ëŠ”ì§„ë¦¬ #ìƒˆìš° #ìˆ ì•ˆì£¼ #daily #food",topbi22,ë¨¹ë³´í˜œë¦¬,B4wUiBHhEof,1573539498,https://scontent-lax3-1.cdninstagram.com/vp/11399b5231b77f6d55484fa6a337f826/5DCD1962/t51.2885-15/e35/74441250_417689609133883_7497344803747340448_n.jpg?_nc_ht=scontent-lax3-1.cdninstagram.com&_nc_cat=107,3,0,False,False
Tiempos antiguos ğŸ˜ŒğŸ–¤,lent_xd,LENT ğŸ¤,B4wUpC5h8Z-,1573539494,https://scontent-lax3-1.cdninstagram.com/vp/11088a9e2075f19c76b9a70676b18e8e/5E627000/t51.2885-15/e35/71832873_147499349931857_6096830948049956965_n.jpg?_nc_ht=scontent-lax3-1.cdninstagram.com&_nc_cat=105,0,1,False,False
"My EurekağŸ˜Š .
.
#eureka #eurekapopcorn #popcorn #snack #snacks #instafood #foodblogger #foodie #foodpornography #foodsg #snackporn #snacksg #mysnack #snackmalaysia #snacking #food #foodporn  #foodiegram #instafood  #instasnacks #foodbloggers #instablogger #chocobananapie #foodreview  #restaurant #food #restaurantreview #review",foodntravel_explorer,foodntravel_explorer,B4wUnycHnKo,1573539483,https://scontent-lax3-1.cdninstagram.com/vp/cdd34c5b4fa0e19624362e3ab03fc8d0/5E417724/t51.2885-15/e35/p1080x1080/70002278_532586310938625_5615265210914887929_n.jpg?_nc_ht=scontent-lax3-1.cdninstagram.com&_nc_cat=109,0,0,False,False
"im about to spend too much money on burberry plaid x air force 1s #prayformybankaccount â€¢
ğŸ“¸/ dylan jordan",zeglair,niamhğŸŒ™ğŸŒğŸŒ»,B4wUluEpQLo,1573539466,https://scontent-lax3-1.cdninstagram.com/vp/767f88e30230c2f8914f4af979a9e429/5E43F710/t51.2885-15/e35/72998849_576894016453148_6334316506400205873_n.jpg?_nc_ht=scontent-lax3-1.cdninstagram.com&_nc_cat=108,5,2,False,False
"@arjun.vanjara_rd9469
#love #instagood #fashion #photooftheday #beautiful #art #happy #cute #picoftheday #follow #tbt #like4like #followme #photography #nature #travel #summer #repost #style #instadaily #selfie #me #instagram #friends #girl #fun #fitness #food #instalike #beauty",kmp.modal,k&m.p,B4wUkdeAG1s,1573539456,https://scontent-lax3-1.cdninstagram.com/vp/d9b3a3f277a38d519836edbba49fe548/5E4A57F2/t51.2885-15/e35/74433777_420196898912882_7970605881994285682_n.jpg?_nc_ht=scontent-lax3-1.cdninstagram.com&_nc_cat=102,3,0,False,False
Beef Tandoori Masala with cucumber raita and coriander ğŸ‘ŒğŸ»,thecoursesofnadira,âœ¨ Welcome To Follow âœ¨,B4wUeOgHLYo,1573539405,https://scontent-lax3-1.cdninstagram.com/vp/f8ad20b91d17183c634bd72521f786af/5E497848/t51.2885-15/e35/s1080x1080/72684174_143809343583201_852274115761574520_n.jpg?_nc_ht=scontent-lax3-1.cdninstagram.com&_nc_cat=109,2,1,False,False
"I annonssamarbete med @dolcegustosverige
Kaffe och tiramisukaka! Visste du att kapslarna frÃ¥n NescafÃ© Dolce Gusto kan skickas tillbaka gratis fÃ¶r Ã¥tervinning? Tillsammans med deras program TerraCycle blir dina kapslar nya igen. SÃ¥ himla bra! Vill du veta mer kan du klicka pÃ¥ adlink i min profil.
...
Coffee and tiramisu cake! Did you know that the coffee capsules from NescafÃ© Dolce Gusto can be recycled via their program TerraCycle? You can send them back for free! This is such a good cause. If you want to know more, please go to my profile and check the adlink!
...
#coffeelovers #terracycle #capsulerecycling #dolcegustose",diadonna,Diana Dontsova,B4wUHvpp6om,1573539221,https://scontent-lax3-1.cdninstagram.com/vp/b47551c02854e21651227e46e8c70309/5E444A34/t51.2885-15/e35/p1080x1080/77428074_151098479538579_636412876355918170_n.jpg?_nc_ht=scontent-lax3-1.cdninstagram.com&_nc_cat=103,12,1,False,False
Sweet selfie ğŸ¤³#wonderful #wonderful #flatlay #flatlays #ĞµĞ´Ğ° #Ğ¸Ğ½ÑÑ‚Ğ°ĞµĞ´Ğ° #Ñ†Ğ²ĞµÑ‚Ñ‹ #Ğ¸Ğ½ÑÑ‚Ğ°Ğ³Ñ€Ğ°Ğ¼ #food #instafood #breakfast #goodmorning #love #beautiful #flowers #amazing #ĞºĞ¸ĞµĞ² #easycreditbbl #ballislife #gameday #bamberg #bayreuth #heroesoftomorrow #adorable #hug #catsofig #catlife #catslover #cats #catsofinstagram,vikya_rathod,à¤µà¤¿à¤•à¥à¤¯à¤¾ à¤°à¤¾à¤ à¥‹à¤¡,B4wT4BsgBST,1573539092,https://scontent-lax3-1.cdninstagram.com/vp/3e22dae1a588278d3389c557d940044e/5E8AD2B6/t51.2885-15/e35/74573707_491565324771609_2724047529258780471_n.jpg?_nc_ht=scontent-lax3-1.cdninstagram.com&_nc_cat=109,12,1,False,False
ØµØ¨Ø§Ø­ Ø§Ù„Ù†ÙˆØ± ÙˆØ§Ù„Ø³Ø±ÙˆØ± â¤ï¸#ÙØ·ÙˆØ±_Ù…ØºØ±Ø¨ÙŠ #ÙØ·ÙˆØ±_ØµØ­ÙŠ #ÙØ·ÙˆØ±_Ø§Ù„ØµØ¨Ø§Ø­ #ÙØ·ÙˆØ±_Ø³Ø±ÙŠØ¹#ÙØ·ÙˆØ±_Ù…ØºØ±Ø¨ÙŠ #ÙØ·ÙˆØ±_ØªØ±ÙƒÙŠ #ÙØ·ÙˆØ± #ÙØ·ÙˆØ±_ØµØ¨Ø§Ø­ÙŠ #ÙØ·ÙˆØ±_Ø§Ù„ØµØ¨Ø§Ø­ #Ø§Ù„Ù…Ø·Ø¨Ø®_Ø§Ù„Ø§ÙŠØ·Ø§Ù„ÙŠ #Ø§Ù„Ù…Ø·Ø¨Ø®_Ø§Ù„Ù…ØºØ±Ø¨ÙŠ #Ù…Ø·Ø¨Ø®ÙŠ #Ø§Ù„Ø´Ø§ÙŠ #Ø§ÙƒÙ„Ø§Øª_Ø®ÙÙŠÙÙ‡ #Ø§ÙƒÙ„Ø§ØªÙŠ #Ø§ÙƒÙ„Ø§Øª_Ø¹Ø±Ø¨ÙŠØ©#Ø§ÙƒÙ„Ø§Øª #Ø¨ÙŠØªØ²Ø§ #Ø¨ÙŠØªØ²Ø§_Ø³Ø±ÙŠØ¹Ù‡#food #cuisine #cuisine_marocaine #cuisine#Å“uf,laafari_zineb,cuisine zineb,B4wTz_co8cN,1573539059,https://scontent-lax3-1.cdninstagram.com/vp/65f8c3eb9a7630a7c9c743881eae6d3e/5E5C970D/t51.2885-15/e35/75538134_232698937697524_1367566849679797811_n.jpg?_nc_ht=scontent-lax3-1.cdninstagram.com&_nc_cat=104,1,0,False,False
"Love is Everything Tag your loving one

#love

#instagood

#style

#dogstagram

#me

#fashion

#cute

#tbt

#foodporn

#photooftheday

#instamood

#follow

#iphonesia

#food

#motivation

#Instagramhub",lovely_couple_photos,Love & Couple Images,B4wS6adnt69,1573538587,https://scontent-lax3-1.cdninstagram.com/vp/e960758cd98eea77bfaa3ca89e47a286/5E5030BA/t51.2885-15/e35/71520055_174184677100634_2541740056690966056_n.jpg?_nc_ht=scontent-lax3-1.cdninstagram.com&_nc_cat=102,1,0,False,False
#vadapav #breakfast #foodphotography #jaipurbloggers #jaipurfoodblogger #jaipurfoodies #kalevaa #foodporn #foodgasm #swiggyindia #zomatoIN #ubereatsindia #yummy #foodie #jaipurdiaries #foodstyling #foodblogger #foodstagram #instafood #morning #cuisine #indianfood #bread #mobilephotography #vegetarian #veggies #foodblog #food #foodstagram,kalevaa_india,K A L E V A A,B4wS2hVADiY,1573538556,https://scontent-lax3-1.cdninstagram.com/vp/e5a70c4240eb2c32af4585984cb270b7/5E45A815/t51.2885-15/e35/75426219_549976269152544_1628072855648987499_n.jpg?_nc_ht=scontent-lax3-1.cdninstagram.com&_nc_cat=100,9,0,False,False
"One of the best  coconut curry Iâ€™ve ever had, besides bob zachs. #curry  #coconutcurry #food #foodporn #foodie #foodpics #foodgram #foodstylist #foodstyle #foodstyling #foodpassion #foodlover #likeforlikes #likeforlike #chef #cheflife #chefing #chefclub #chefstalk #chefğŸ’¯ #chefmode #cheflove #chefpassion #likeforfollow #chefspecial #likeforlikeback #ğŸ´ #ğŸœ",bestchef101,Andre,B4vkMdbHthS,1573514094,https://scontent-lax3-1.cdninstagram.com/vp/3ed65a6d9c84a128f134ad08ef27b012/5E593188/t51.2885-15/e35/p1080x1080/72290795_2481653925204454_7687292222973304458_n.jpg?_nc_ht=scontent-lax3-1.cdninstagram.com&_nc_cat=110,89,3,False,False
"Wieder einmal eine traumhaft leckeres Abendessen... Als Starter gab es frisch gehacktes Rindertatar gefolgt von einem Crespelle Gratinate alla Fiorentina ( ein auf Eiern brassierender Flan welcher mit Ricotta und Spinat gefÃ¼llt wurde)
Als Hauptgang gab es Gegrilltes Zwerchfell vom Rind mit weiÃŸen Bohnen... ğŸ˜ Ein Traum. Dazu gab es einen 2016er Il Seggio Bolgheri Rosso aus dem Hause Poggio al Tesoro

Zum Abschluss noch ein Fondente al Cioccolata Amaro... (ein mehlloser Bitterschokoladenkuchen) herrlich ğŸ˜Š

#schlemmer_pp #florenz #florence #food #foodblog #foodblogger #life #lifestyle #italianfood #tatar #tatare #raw 
#battuta #crespelle #diaframma",schlemmer_pp,Schlemmer PP,B4vb4hxIWLH,1573509736,https://scontent-lax3-1.cdninstagram.com/vp/4fef69c47a44049c78b5b9f8a6268ec1/5E54111E/t51.2885-15/e35/72259979_451691388787672_2680224658919412929_n.jpg?_nc_ht=scontent-lax3-1.cdninstagram.com&_nc_cat=104,5,0,False,False
#love#TagsForLikes#TagsForLikesApp#photooftheday#20likes#amazing#follow4follow#like4like#look#instalike#igers#picoftheday#food#instafollow#girl#iphoneonly#instagood#bestoftheday#instacool#instago#follow#colorful#style#swag,lg_maevaa,m a Ã© v a ğŸ’,B4vIK2zqNVL,1573499401,https://scontent-lax3-1.cdninstagram.com/vp/2db22111efd3b9007a94021dfc351602/5E67CC50/t51.2885-15/e35/73287322_1185781201613323_7280227574070618316_n.jpg?_nc_ht=scontent-lax3-1.cdninstagram.com&_nc_cat=107,47,0,False,False
Fischsuppe ğŸŸğŸ¬ğŸ‹ğŸ³ğŸ ğŸ¡ğŸ¦ˆğŸ™ğŸšğŸ¦€ğŸ¦ğŸ¦‘ #foody #foodporn #foodie #foodblogger #food #foods #food52 #foodstylist #foodgasm #foodstyling #foodstagram #foodies #foodprep #foodphotography #foodlover #foodblogfeed #foodography #foodtalkindia #healthyfood #foodart #foodpics #foodheaven #foodbloggers #foodblogÂ  #foodshare #foodshot #foodpost #foodaddict #foodnetwork #foodlovers,yvos_food,Yvo Wettstein,B4sTeuYlGFA,1573404667,https://scontent-lax3-1.cdninstagram.com/vp/0a9fbbaeaeecc1af2f2137f8b9212b90/5E619CE2/t51.2885-15/e35/74475984_515806349149478_6809515295070381170_n.jpg?_nc_ht=scontent-lax3-1.cdninstagram.com&_nc_cat=102,39,3,False,False
G(r)inning coz I got you ğŸ¥°,notto92,Nikita Otto,B4rn_Uxh9L3,1573381866,https://scontent-lax3-1.cdninstagram.com/vp/6a0336ac8cb5c6484e2448cdef109f95/5E46E6F4/t51.2885-15/e35/75324258_398478341029378_9095159412643181196_n.jpg?_nc_ht=scontent-lax3-1.cdninstagram.com&_nc_cat=110,143,1,False,False
Lila AÅŸkÄ±na ğŸ’œğŸ’œğŸ’œ,bellapaiss,Bellissima,B4pJJ0Tp3pj,1573298590,https://scontent-lax3-1.cdninstagram.com/vp/0cf2bf990ccd4ef49bdb40c64e2b79fe/5E665B6B/t51.2885-15/e35/p1080x1080/73393280_420308898649967_4463968808569164523_n.jpg?_nc_ht=scontent-lax3-1.cdninstagram.com&_nc_cat=111,92,2,False,False
RÃ¼zgar GÃ¼lÃ¼ ğŸ’™ğŸ’™ğŸ’™,bellapaiss,Bellissima,B4o6y9rpBu5,1573291062,https://scontent-lax3-1.cdninstagram.com/vp/084a5ed4556c8331d2361bef99a7f116/5E49B254/t51.2885-15/e35/p1080x1080/73512732_468307653779979_8974910995246900647_n.jpg?_nc_ht=scontent-lax3-1.cdninstagram.com&_nc_cat=103,104,1,False,False
#love #TFLers #tweegram #photooftheday #20likes #amazing #smile #follow4follow #like4like #look #instalike #igers #picoftheday #food #instadaily #instafollow #followme #girl #iphoneonly #instagood #bestoftheday #instacool #instago #all_shots #follow #webstagram #colorful #style #swag,sidra_aadeez3687,â†ªSidra parveenâ†©,B4ozquwpYta,1573287380,https://scontent-lax3-1.cdninstagram.com/vp/809dc1626aae1a6d6f513b810086e458/5DCCFD80/t51.2885-15/e35/71840236_688155711673397_4111819997655647679_n.jpg?_nc_ht=scontent-lax3-1.cdninstagram.com&_nc_cat=105,38,1,False,False
#love #TFLers #tweegram #photooftheday #20likes #amazing #smile #follow4follow #like4like #look #instalike #igers #picoftheday #food #instadaily #instafollow #followme #girl #iphoneonly #instagood #bestoftheday #instacool #instago #all_shots #follow #webstagram #colorful #style #swag,sidra_aadeez3687,â†ªSidra parveenâ†©,B4owMLAJa3O,1573285571,https://scontent-lax3-1.cdninstagram.com/vp/5454ae39abc6f8c074f995d4822307e5/5DCCD781/t51.2885-15/e35/73100104_157078875512571_6007109832038256428_n.jpg?_nc_ht=scontent-lax3-1.cdninstagram.com&_nc_cat=103,40,1,False,False
#beautiful #love #photooftheday #instagood #me #happy #tbt #fashion #cute #friends #selfie #art #picoftheday #style #summer #repost #girl #travel #instadaily #smile #nature #fun #instalike #fitness #food #captionplus,ss1748188,ZÂ¡ddÂ¡ bâ—Â¥ ğŸ˜ğ•¾ğ–šğ–—ğ–†ğ– ğŸ”µ,B3zZ76TFCVE,1571495449,https://scontent-lax3-1.cdninstagram.com/vp/074452c0a455eec8cb9347d9202c8986/5E53058E/t51.2885-15/e35/71169100_384399775801837_3781191622896704735_n.jpg?_nc_ht=scontent-lax3-1.cdninstagram.com&_nc_cat=101,33,0,False,False
