caption,username,fullname,shortcode,timestamp,imgUrl,likeCount,likeRatio,commentCount,commentRatio,isVideo,isAd,hashtags
#love #TFLers #tweegram #photooftheday #20likes #amazing #smile #follow4follow #like4like #look #instalike #igers #picoftheday #food #instadaily #instafollow #followme #girl #iphoneonly #instagood #bestoftheday #instacool #instago #all_shots #follow #webstagram #colorful #style #swag,saurabhji35,Saurabh Kumar Patel,B41mwhtFOWF,1573717066,https://scontent-lax3-1.cdninstagram.com/vp/ea9088b76ee8e23fa7ca77e565b15ff5/5DCF9D16/t51.2885-15/e35/73118612_431614894450167_3622014805761284011_n.jpg?_nc_ht=scontent-lax3-1.cdninstagram.com&_nc_cat=103,0,0.0,0,0.0,False,False,[]
"This dough hacks would sure come in handy .
.
Video via @soyummy .
@tutorialsdaily -
-
.
.
#sisiekomifoodhaven 
#diy #crafty #tutorials #diyvideos #videos #food #lovely #videotutorial #awesome  #tutorial #fashion #hacks #yummy #creative #delicious #amazing #blossom #easydiy #cool #love #hackvideos - #regrann",sisiekomifoodhaven,sisiekomifoodhaven,B41nQ6rhmv9,1573717066,https://scontent-lax3-1.cdninstagram.com/vp/d6bcb7fdb1e7e6367ca19544102d553b/5DCFCD6E/t51.2885-15/e35/73455930_543703043108234_3213063832133807798_n.jpg?_nc_ht=scontent-lax3-1.cdninstagram.com&_nc_cat=102,0,0.0,0,0.0,False,False,[]
"We ğŸ’š Smoothies â €
#smoothie #greentea #chia #superfoodâ €
#tea #teatime #autumn #cold #drinks #food #healthy #lifestyle #class #tee #teehaus #umami #nicerestautants #niceplaces",teehaus_umami,Teehaus Umami,B41nVQYgRrf,1573717065,https://scontent-lax3-1.cdninstagram.com/vp/10a8b80584ff13081b0a5506fb467777/5E5DEEC1/t51.2885-15/e35/s1080x1080/72631261_168300740911644_8026872391647027786_n.jpg?_nc_ht=scontent-lax3-1.cdninstagram.com&_nc_cat=100,0,0.0,0,0.0,False,False,"[<meta content=""nicerestautants"" property=""instapp:hashtags""/>]"
"#igdaily
#igers
#picoftheday
#instapic
#instamood
#instagood
#bestoftheday
#instadaily
#photo
#love
#smile
#happy
#instalike
#tbt
#food
#yummy #foodie
#delicious
#foodoftheday
#foodporn
#nomnom
#cleaneating
#vegan
#breakfast
#lunch
#dinner
#dessert
#foodgasm
#fun",nostalgiaz_1,,B41nTWlAx6a,1573717065,https://scontent-lax3-1.cdninstagram.com/vp/472f4150a28df050023110d5206f50df/5DCF4152/t51.2885-15/e35/74876690_149420289654497_744433103722277468_n.jpg?_nc_ht=scontent-lax3-1.cdninstagram.com&_nc_cat=105,0,0.0,0,0.0,False,False,[]
"Why use whole rashers of bacon when you can combine it into a @jackdaniels_uk jam? Our Cheeky Bacon does things a bit differently, and to find out how good it is get down to Lyric Square in Hammersmith for lunch today. ğŸ”ğŸ”ğŸ”
Or if youâ€™re over the east side of London, youâ€™ll find us all day at @oliverconquest.
.
.
.
.
,  #EEEEEATS #eater #eaterlondon #food #foodporn #yum #instafood #yummy #eating #foodpic #foodpics #foodstagram #london #foodie #lovefood #buzzfeast #foooodieee #eatfamous #eatingfamous #devourpower #certifiedgrilllover #ğŸ” #burger #burgers #burgerporn #hamburger #cheeseburger #biggestburgers101 #burgerorder",cheeky_burger,Cheeky Burger,B41nVI6HO9L,1573717064,https://scontent-lax3-1.cdninstagram.com/vp/b5dbeb57c1f675245241d50e1dd5cbe5/5E46EA04/t51.2885-15/e35/75272128_141816470487526_1423139828006120141_n.jpg?_nc_ht=scontent-lax3-1.cdninstagram.com&_nc_cat=110,0,0.0,0,0.0,False,False,"[<meta content=""instafood"" property=""instapp:hashtags""/>]"
"Letâ€™s make today special for kids of all ages...!!!
#ChildrensDay2019

Visit us @ Curly Cravings, Ascendas IT Park
#yourfullstoptohunger #curlycravings .
.
#maggi #foodie #food #foodlover #tasty #restaurant #foodgasm #eat #yummy #delicious #instafood #chennaifood #singarachennai #foodblogger #offers #pizzas #pasta #sizzlers #desserts #cakes #donuts #foodlover #foodporn #chennaifoodie #walkwithchennai #walkwithindia #followme",curly_cravings_taramani,Curly Cravings - Taramani,B41nVF-JOs7,1573717064,https://scontent-lax3-1.cdninstagram.com/vp/aa9e656dd6f11ee36f663024ea6552dc/5E460714/t51.2885-15/fr/e15/s1080x1080/73260104_969263053458675_8466135284137776105_n.jpg?_nc_ht=scontent-lax3-1.cdninstagram.com&_nc_cat=103,0,0.0,0,0.0,False,False,"[<meta content=""foodgasm"" property=""instapp:hashtags""/>]"
"From generation to generation, our local food never fails to bring us down ğŸ°ğŸ› Live our culture in the best way possible, through your sense of taste!

We also have a special Hi-Tea for anyone who wishes to enjoy our Traditional Kueh by the river and experience the life of Kampong Ayer residents in one of the local houses â˜•ğŸ°ğŸŒŠ
.
We are ready to serve our tourists the best tour experience they can ever have. Roda Impian Cruise provides other tour services such as Traditional Food Set (Ambuyat), Selirong Island tour, Temburong Charted Boat services and more.

For more information, contact 673 8905355 or 673 7128696

#rodaimpiancruise #brunei #bruneidarussalam #bruneimuara #kampongayer #kampongayerbrunei #bandarseribegawan #borneo #asia #temburong #watervillage #watervillagebrunei #tour #travel #tourist #generation #iklanbrunei #brunei #holiday #bruneiholiday #indonesia #firefly #thailand #hitea #asean #food #kueh #malay #traditional #chef #kueh",rodaimpiancruisebrunei,Roda Impian Cruise Brunei,B41nVB9HonX,1573717063,https://scontent-lax3-1.cdninstagram.com/vp/de3626d005305496b4a3ed1f808310f4/5E5D1ED7/t51.2885-15/e35/75546007_1157582301105943_2980997528952829805_n.jpg?_nc_ht=scontent-lax3-1.cdninstagram.com&_nc_cat=107,0,0.0,0,0.0,False,False,"[<meta content=""food"" property=""instapp:hashtags""/>]"
#love #instagood #fashion #photooftheday #beautiful #art #happy #cute #picoftheday #follow #tbt #like4like #followme #photography #nature #travel #summer #repost #style #instadaily #selfie #me #instagram #friends #girl #fun #fitness #food #instalike #beauty,kaifaalamkhan01,Kaif Aalam,B41nU_-nLo3,1573717063,https://scontent-lax3-1.cdninstagram.com/vp/e1947de7024aa004e7da1d86ddd7baa9/5E51E272/t51.2885-15/e35/73398051_2642193709174677_9100044613681747375_n.jpg?_nc_ht=scontent-lax3-1.cdninstagram.com&_nc_cat=109,1,0.002150537634408602,0,0.0,False,False,"[<meta content=""photooftheday"" property=""instapp:hashtags""/>]"
"#Repost @novikovgroup

ĞšĞ°Ñ€Ğ¿Ğ°Ñ‡Ñ‡Ğ¾ - Ğ²Ğ¸Ğ·Ğ¸Ñ‚Ğ½Ğ°Ñ ĞºĞ°Ñ€Ñ‚Ğ¾Ñ‡ĞºĞ° Ğ¸Ñ‚Ğ°Ğ»ÑŒÑĞ½ÑĞºĞ¾Ğ¹ ĞºÑƒÑ…Ğ½Ğ¸. Ğ˜Ğ¼ĞµĞ½Ğ½Ğ¾ Ñ ÑÑ‚Ğ¾Ğ³Ğ¾ Ğ»ĞµĞ³ĞµĞ½Ğ´Ğ°Ñ€Ğ½Ğ¾Ğ³Ğ¾ Ğ±Ğ»ÑĞ´Ğ° Ñ€ĞµĞºĞ¾Ğ¼ĞµĞ½Ğ´ÑƒĞµĞ¼ Ğ½Ğ°Ñ‡Ğ°Ñ‚ÑŒ Ğ·Ğ½Ğ°ĞºĞ¾Ğ¼ÑÑ‚Ğ²Ğ¾ Ñ Ğ½Ğ¾Ğ²Ğ¸Ğ½ĞºĞ°Ğ¼Ğ¸ Ğ¼ĞµĞ½Ñ @lafabbrica.rest - Ğ¼Ñ‹ Ğ³Ğ¾Ñ‚Ğ¾Ğ²Ğ¸Ğ¼ ĞºĞ°Ñ€Ğ¿Ğ°Ñ‡Ñ‡Ğ¾ Ğ¸Ğ· Ğ³Ğ¾Ğ²ÑĞ´Ğ¸Ğ½Ñ‹ Ñ Ñ‡Ñ‘Ñ€Ğ½Ñ‹Ğ¼Ğ¸ Ğ»Ğ¸ÑĞ¸Ñ‡ĞºĞ°Ğ¼Ğ¸ Ğ¸ ÑĞ¾ÑƒÑĞ¾Ğ¼ Ğ¸Ğ· ÑƒÑÑ‚Ñ€Ğ¸Ñ†! 
ĞŸĞ¾Ğ´Ğ°Ñ‡Ğ° Ğ½Ğ° Ñ‚Ğ°Ñ€ĞµĞ»ĞºĞµ Ğ¾Ñ‚ ceramics-kaluga.

#Ğ¿ĞµÑ€ĞµÑ…Ğ¾Ğ´Ğ¸Ğ½Ğ°Ğ¿Ñ€Ğ°Ğ²ÑƒÑÑÑ‚Ğ¾Ñ€Ğ¾Ğ½Ñƒ â€¢ â€¢ â€¢ â€¢ â€¢ â€¢
La Fabbrica
.
.
.
.
.
.
.
.
.  #ceramics #ceramicskaluga #pottery #plate #ceramicsplate #Ğ¿Ğ¾ÑÑƒĞ´Ğ°Ñ€ÑƒÑ‡Ğ½Ğ¾Ğ¹Ñ€Ğ°Ğ±Ğ¾Ñ‚Ñ‹ #Ğ¿Ğ¾ÑÑƒĞ´Ğ°Ğ´Ğ»ÑÑ€ĞµÑÑ‚Ğ¾Ñ€Ğ°Ğ½Ğ¾Ğ² #Ğ³Ğ¾Ğ½Ñ‡Ğ°Ñ€Ğ½Ğ°ÑĞ¿Ğ¾ÑÑƒĞ´Ğ° #Ğ¿Ğ¾ÑÑƒĞ´Ğ°Ğ½Ğ°Ğ·Ğ°ĞºĞ°Ğ· #Ñ‚Ğ°Ñ€ĞµĞ»ĞºĞ°Ñ€ÑƒÑ‡Ğ½Ğ¾Ğ¹Ñ€Ğ°Ğ±Ğ¾Ñ‚Ñ‹ #Ñ€ĞµÑÑ‚Ğ¾Ñ€Ğ°Ğ½Ğ½Ğ°ÑĞ¿Ğ¾ÑÑƒĞ´Ğ° #food #foodgasm #foodstyling #foodporn #foodphoto #foodphotos #foodphotography #foodpic #ĞºĞµÑ€Ğ°Ğ¼Ğ¸ĞºĞ° #ĞºĞµÑ€Ğ°Ğ¼Ğ¸ĞºĞ°Ñ€ÑƒÑ‡Ğ½Ğ¾Ğ¹Ñ€Ğ°Ğ±Ğ¾Ñ‚Ñ‹ #ĞºĞµÑ€Ğ°Ğ¼Ğ¸ĞºĞ°Ğ½Ğ°Ğ·Ğ°ĞºĞ°Ğ· #Ğ¿Ğ¾ÑÑƒĞ´Ğ°Ğ´Ğ»ÑÑ€ĞµÑÑ‚Ğ¾Ñ€Ğ°Ğ½Ğ° #instafood #foodgram #Ğ¿Ğ¾ÑÑƒĞ´Ğ°Ğ¿Ñ€Ğ¾Ğ»ÑĞ±Ğ¾Ğ²ÑŒ",ceramicskaluga,Arina Fernandos,B41nU1Bh5Nn,1573717062,https://scontent-lax3-1.cdninstagram.com/vp/2195421af92bb7fa852d8c7de3655e8b/5E5FA222/t51.2885-15/e35/75388608_1140939402767269_2666834963189163326_n.jpg?_nc_ht=scontent-lax3-1.cdninstagram.com&_nc_cat=101,1,0.000968054211035818,0,0.0,False,False,"[<meta content=""pottery"" property=""instapp:hashtags""/>]"
"Rayon 14 KG Women Gown
Price 819/- only 
Dm for order. 
Free Shipping with COD Available. 
For more Products visit link mentioned in bio. 
#indian #india #love #instagram #photography #mumbai #bollywood #fashion #follow #delhi #like #instagood #indianwedding #bhfyp #desi #indianarmy #photooftheday #likeforlikes #travel #art #food #model #tiktok #maharashtra #punjabi #indianfashion #kerala #nature #memes #shopping",classic_wholesale_shop,Classic Wholesale Shop,B41nUxRnB-v,1573717061,https://scontent-lax3-1.cdninstagram.com/vp/1dcd626e31321b6f7094f62138547fe0/5E4B3C99/t51.2885-15/e35/71948775_268509884087874_8524423959243350691_n.jpg?_nc_ht=scontent-lax3-1.cdninstagram.com&_nc_cat=106,1,0.0007326007326007326,0,0.0,False,False,"[<meta content=""tiktok"" property=""instapp:hashtags""/>]"
"Voglia di pancake? 
Questi sono meni grassi perchÃ© sino fatti con FARINA DI RISO INTEGRALE che li rende morbidissimi. :3  e adattissima ai celiaci ;) e chi Ã¨ a dieta e non vuole rinunciare al gusto. 
Ricetta: - 100g di farina di riso integrale
- 100ml di latte (o  bevanda di soya, vi consiglio quella con la vaniglia).
- 1 uovo - 1 cucchiaino  di bicarbonato
- 1 o 2 cucchiaini di miele

Mescolare miele e uova,  piano piano aggiungete  la farina e il bicarbonato. Mescolate fino ad ottenere un impasto omogeneo e privo di grumi. 
Con un mestolo prendete un po' del vostro impasto e mettetelo nella padella giÃ  riscaldata, fate cuocere a fuoco lento, girate il pancake quando sulla superfice compaiono dei buchini o cerchietti o bollicine( chiamateli come voleteğŸ˜) e infine quando Ã¨ cotto poggiatelo in un piatto. 
Fate la stessa cosa con gli altri :). Per farcirliğŸ‘‰ğŸ‘‰ğŸ‘‰ potete utilizzare la crema di noccioleâ˜•ğŸ« , ğŸ‘ğŸ“fruttağŸ‡ğŸ‰,ğŸ¯ mieleğŸ¯, zucchero a velo o  marmellatağŸ’ğŸ’ğŸ’ğŸŒ³ ( consiglio quella di ciliege con una spolveratina di cannella  e gocce di cioccolato) 
#ricette #food #foodlovers
#foodpic
#foodphotograph
#cookinglover
#foodbloggeritaliani #foodblog
#cookinglover #cooking #eat #breakfast #lovebreakfast #breakfastideas #cook #colazione #cuochiperpassione #cuochi #chef #foodsweet #pancakes #fitlovers #foodfitness #foodfit #ricetteperpassione #ricettelight",cucinafeffe,Cucina FeffÃ¨,B41nUmMo2ff,1573717060,https://scontent-lax3-1.cdninstagram.com/vp/8958a0ca0ae1c0a580ac1ce09bbb7327/5E5D50EB/t51.2885-15/e35/73393239_100514574723899_5002839236329479495_n.jpg?_nc_ht=scontent-lax3-1.cdninstagram.com&_nc_cat=111,1,0.00022779043280182233,0,0.0,False,False,"[<meta content=""foodblog"" property=""instapp:hashtags""/>]"
"(2/3)
Mm..Food? by MF Doom review.
~
~
This is a re-upload from a long long time ago. I decided to put it up because this albums anniversary is coming up and I gotta study tonight.
~
~
#mfdoom #madlib #doom #drdoom #album #rap #music #mmfood #food #milk #cereal #undergroundhiphop #classic #food #viktorvaughn #top10 #hiphop #2004 #review #lyricalrap #newyorkrap #nyc",rapsrealm,Shams,B41nUp3BtL4,1573717060,https://scontent-lax3-1.cdninstagram.com/vp/ec4565f05549d957a8dbafd1925f7009/5E51EF65/t51.2885-15/e35/72208915_775548772871646_6581586838759794810_n.jpg?_nc_ht=scontent-lax3-1.cdninstagram.com&_nc_cat=106,0,0.0,0,0.0,False,False,"[<meta content=""mfdoom"" property=""instapp:hashtags""/>]"
"Ogni volta mi sorprende come albume, farina, cacao ğŸ« e frutta possano combinarsi in quella che rimane la mia colazione/merenda preferita â¤ï¸
Spesso il cibo Ã¨ riflesso delle nostre emozioni: mangiamo per frustrazione, per paura di affrontare i pensieri perchÃ© reagire di pancia Ã¨ piÃ¹ semplice e  primordiale ed io l'ho sempre fatto in primis, ma quando mangio ciÃ² che preparo e sento il nutrimento, quello vero, allora ho la conferma che ogni passo in quella direzione sia sempre quello giusto.
ğŸ˜Š
.
.
#pancakeday #pancake #pancakes #banana #light #reversediet #dietaflessibile #nopainnogain #colazione #healthylifestyle #merenda #colazionesana #cioccolato #cacao #cacaoamaro #cocco #avena #albume #fitpancake #fitfamily #fitfam #pancaketower #torretta #coconut #flexiblediet #fitnessstyle #fitnessfamily #motivation #food",manu_amber,Manuela Ambra,B41nUVDoi3l,1573717058,https://scontent-lax3-1.cdninstagram.com/vp/0e83832ef6229cdd66b7aa2eea8fed08/5E473D85/t51.2885-15/e35/74665266_2430898567174691_8843385651819429235_n.jpg?_nc_ht=scontent-lax3-1.cdninstagram.com&_nc_cat=111,0,0.0,0,0.0,False,False,"[<meta content=""flexiblediet"" property=""instapp:hashtags""/>]"
"What's your favorite breakfast?
Comment downâ¬‡ï¸
Pohe is my personal favorite when its Rassa Poheâ¤ï¸
.
.
#pohe #poha #breakfast #food #foody #foodie #foodgasm #foodporn #foodart #pune #punefoodblogger #foodblooger #india #maharashtrafood #maharashtrainfood #nomnom",town_central,towncentral,B41nUUjgaOf,1573717058,https://scontent-lax3-1.cdninstagram.com/vp/c4c318cc5c05fc2130253429e43105bf/5E894517/t51.2885-15/e35/73512804_979991139036915_2452968981245739555_n.jpg?_nc_ht=scontent-lax3-1.cdninstagram.com&_nc_cat=103,1,0.0018484288354898336,0,0.0,False,False,"[<meta content=""food"" property=""instapp:hashtags""/>]"
"Which bell pepper color is your fav? ğŸ’šğŸ’›ğŸ§¡â¤ï¸
.
Bell peppers are a tasty, colorful, & low calorie snack that are also extremely nutritious. Bell peppers are packed with vitamin C, A, water, & antioxidants. Theyâ€™re also low in calories & a good source of additional vitamins & minerals like vitamins E, B6, K1, potassium & folate.
.
One common misconception is that the different colored peppers are all the same plant, just at different stages of ripeness. However, that is not true. While it is true that some green peppers in the grocery store are unripe red peppers, each color has its own unique seed and they all come from different plants. .
Green peppers- are the most bitter out of all the peppers. They contain vitamin C, but have the least amount of it compared to the others. They are also a great source of vitamin A, potassium, folate, and vitamin E. It is possible that some of the green peppers you see in the store may be unripe red peppers, however they never turn into yellow or orange ones.
.
Yellow peppers- have more than twice the vitamin C than green, and half the vitamin A. Additionally, yellow peppers are a good source of other vitamins & minerals like folate, vitamin E, K1,and B6 & have the antioxidant Violaxanthin present.
.
Orange peppers- contain a bit more vitamin C than green peppers but less than yellow ones. Theyâ€™re also a good source of vitamin A as well as other vitamins & minerals like potassium, folate, vitamin E, B6, & K1. .
Red peppers- tend to be the sweetest & have the most vitamin A out of all the bell peppers (they have 8X the amount of vitamin A than green!). They are also a good source of vitamin C & have the antioxidant Capsanthin present, which is responsible for the red color. Before they are ripe, they can be green in color, which is why occasionally green peppers in the store are actually red ones. :) _ ğŸ“¸ @meowmeix 
_
.
.
.  #meal #avocadoplant #healthyfood #food #fitness #mealprep #dinner #tasty #protein #yummy #cooking #avocado #recipes #health #fit #delicious #healthylifestyle  #tasty #eat #instafood  #weightloss #lowcarb",best.weightloss,Best Weight Loss,B41nUGwAVPY,1573717056,https://scontent-lax3-1.cdninstagram.com/vp/7aec98ce63efc1b2703671b8b2a01c69/5E5327C5/t51.2885-15/e35/75572925_454885968494083_1485470795188727642_n.jpg?_nc_ht=scontent-lax3-1.cdninstagram.com&_nc_cat=107,3,0.002398081534772182,0,0.0,False,False,"[<meta content=""eat"" property=""instapp:hashtags""/>]"
"ğŸ’› WhatsApp9953475547 
TO JOIN THE BROADCAST ğŸ’›

We Only Accept PAYTM/ BANK TRANSFER/ WESTERN UNION/ GOOGLE PAYğŸ’¸ğŸ’°
ğŸ™…No CASH ON DELIVERY/RETURN/ EXCHANGE ğŸ™…
ğŸŒSHIPPING WORLDWIDE ğŸŒ
ğŸ’µBEST QUALITY REASONABLE PRICE ğŸ’µ
ğŸ€ QUALITY IS OUR MOTTO ğŸ€

#beautiful #happy #cute #tbt #like4like #followme #selfie #pune #discounts #kerala #nature #monsoon #style #food #family #fitness #life #punjabi #summervibes #beauty #makeupholic #love #goals #delhi #love #mumbai #goa #kerala #punjab",loveforbrand,Fashion Accessories World,B41nUIEjVRX,1573717056,https://scontent-lax3-1.cdninstagram.com/vp/21749fb1361b8f908196419a8180041f/5E8A33F9/t51.2885-15/e35/s1080x1080/76873288_556038925160039_8449096844163355822_n.jpg?_nc_ht=scontent-lax3-1.cdninstagram.com&_nc_cat=111,2,0.00043706293706293706,0,0.0,False,False,"[<meta content=""life"" property=""instapp:hashtags""/>]"
"ĞŸĞ°Ğ½ĞºĞµĞ¹ĞºĞ¸ â€” ÑÑ‚Ğ¾ Ğ½ĞµĞ±Ğ¾Ğ»ÑŒÑˆĞ¸Ğµ Ğ°Ğ¼ĞµÑ€Ğ¸ĞºĞ°Ğ½ÑĞºĞ¸Ğµ Ğ±Ğ»Ğ¸Ğ½Ñ‡Ğ¸ĞºĞ¸, Ğ½Ğ¾ Ğ¿Ğ¾ Ñ„Ğ¾Ñ€Ğ¼Ğµ Ğ¸ Ñ€Ğ°Ğ·Ğ¼ĞµÑ€Ñƒ Ğ¾Ğ½Ğ¸ ÑĞºĞ¾Ñ€ĞµĞµ Ğ½Ğ°Ğ¿Ğ¾Ğ¼Ğ¸Ğ½Ğ°ÑÑ‚ Ğ½Ğ°ÑˆĞ¸ Ğ¾Ğ»Ğ°Ğ´ÑŒĞ¸. 
Ğ Ğ°Ğ½ÑŒÑˆĞµ ÑÑ‚Ğ¸ Ğ±Ğ»Ğ¸Ğ½Ñ‡Ğ¸ĞºĞ¸ Ğ±Ñ‹Ğ»Ğ¸ Ğ¾Ñ‡ĞµĞ½ÑŒ Ğ¿Ğ¾Ğ¿ÑƒĞ»ÑÑ€Ğ½Ñ‹Ğ¼ Ğ·Ğ°Ğ²Ñ‚Ñ€Ğ°ĞºĞ¾Ğ¼ Ñ‚Ğ¾Ğ»ÑŒĞºĞ¾ Ğ² Ğ¡Ğ¨Ğ Ğ¸ Ğ² ĞšĞ°Ğ½Ğ°Ğ´Ğµ, Ñ‚ĞµĞ¿ĞµÑ€ÑŒ Ğ¶Ğµ Ğ¿Ğ°Ğ½ĞºĞµĞ¹ĞºĞ°Ğ¼Ğ¸ Ñ ÑƒĞ´Ğ¾Ğ²Ğ¾Ğ»ÑŒÑÑ‚Ğ²Ğ¸ĞµĞ¼ Ğ·Ğ°Ğ²Ñ‚Ñ€Ğ°ĞºĞ°ÑÑ‚ Ğ²Ğ¾ Ğ²ÑÑ‘Ğ¼ Ğ¼Ğ¸Ñ€Ğµ, Ğ² Ñ‚Ğ¾Ğ¼ Ñ‡Ğ¸ÑĞ»Ğµ Ğ¸ Ğ² Ğ½Ğ°ÑˆĞµĞ¹ ÑÑ‚Ñ€Ğ°Ğ½Ğµ. Ğ¢Ğ°ĞºĞ°Ñ Ğ¿Ğ¾Ğ¿ÑƒĞ»ÑÑ€Ğ½Ğ¾ÑÑ‚ÑŒ Ğ¿Ğ°Ğ½ĞºĞµĞ¹ĞºĞ¾Ğ² Ğ´Ğ¾Ğ²Ğ¾Ğ»ÑŒĞ½Ğ° Ğ¾Ñ‡ĞµĞ²Ğ¸Ğ´Ğ½Ğ°, Ğ¾Ğ½Ğ¸ Ğ¾Ñ‡ĞµĞ½ÑŒ Ğ²ĞºÑƒÑĞ½Ñ‹Ğµ, Ğ° Ğ³Ğ¾Ñ‚Ğ¾Ğ²ÑÑ‚ÑÑ Ğ¿Ñ€Ğ¾ÑÑ‚Ğ¾ Ğ¸ Ğ±Ñ‹ÑÑ‚Ñ€Ğ¾.
ĞšĞ°Ğº Ğ¿Ñ€Ğ°Ğ²Ğ¸Ğ»Ğ¾, Ğ¿Ğ°Ğ½ĞºĞµĞ¹ĞºĞ¸ Ğ¿Ğ¾Ğ´Ğ°ÑÑ‚ÑÑ Ğ½Ğ° Ğ·Ğ°Ğ²Ñ‚Ñ€Ğ°Ğº Ñ Ñ€Ğ°Ğ·Ğ»Ğ¸Ñ‡Ğ½Ñ‹Ğ¼Ğ¸ ÑĞ»Ğ°Ğ´ĞºĞ¸Ğ¼Ğ¸ ÑĞ¾ÑƒÑĞ°Ğ¼Ğ¸, ÑˆĞ¾ĞºĞ¾Ğ»Ğ°Ğ´Ğ¾Ğ¼, ÑĞ³Ğ¾Ğ´Ğ°Ğ¼Ğ¸, ĞºĞ»ĞµĞ½Ğ¾Ğ²Ñ‹Ğ¼ ÑĞ¸Ñ€Ğ¾Ğ¿Ğ¾Ğ¼. 
Ğ’Ğ¾Ñ‚ Ñ€ĞµÑ†ĞµĞ¿Ñ‚ Ğ²ĞµĞ³ĞµÑ‚Ğ°Ñ€Ğ¸Ğ°Ğ½ÑĞºĞ¸Ñ… Ğ¿Ğ°Ğ½ĞºĞµĞ¹ĞºĞ¾Ğ²ğŸ½
Ğ˜Ğ½Ğ³Ñ€ĞµĞ´Ğ¸ĞµĞ½Ñ‚Ñ‹: 
120Ğ³Ñ€ Ğ¼ÑƒĞºĞ¸
1 ÑÑ‚.Ğ». ĞºÑ€Ğ°Ñ…Ğ¼Ğ°Ğ»Ğ° 
1 Ñ‡.Ğ». Ñ€Ğ°Ğ·Ñ€Ñ‹Ñ…Ğ»Ğ¸Ñ‚ĞµĞ»Ñ
3 ÑÑ‚.Ğ». ÑĞ°Ñ…Ğ°Ñ€Ğ° 
Ğ©ĞµĞ¿Ğ¾Ñ‚ĞºĞ° ÑĞ¾Ğ»Ğ¸ 
150 Ğ¼Ğ» Ñ€Ğ°ÑÑ‚Ğ¸Ñ‚ĞµĞ»ÑŒĞ½Ğ¾Ğ³Ğ¾ NeMoloka
2 ÑÑ‚.Ğ». Ñ€Ğ°ÑÑ‚Ğ¸Ñ‚ĞµĞ»ÑŒĞ½Ğ¾Ğ³Ğ¾ Ğ¼Ğ°ÑĞ»Ğ°
ĞŸÑ€Ğ¸Ğ³Ğ¾Ñ‚Ğ¾Ğ²Ğ»ĞµĞ½Ğ¸Ğµ: 
Ğ¡Ğ¼ĞµÑˆĞ¸Ğ²Ğ°ĞµĞ¼ Ğ²ÑĞµ ÑÑ‹Ğ¿ÑƒÑ‡Ğ¸Ğµ Ğ¸Ğ½Ğ³Ñ€ĞµĞ´Ğ¸ĞµĞ½Ñ‚Ñ‹, Ğ¿Ğ¾Ñ‚Ğ¾Ğ¼ Ğ´Ğ¾Ğ±Ğ°Ğ²Ğ»ÑĞµĞ¼ NeMoloko Ğ¸ Ñ€Ğ°ÑÑ‚Ğ¸Ñ‚ĞµĞ»ÑŒĞ½Ğ¾Ğµ Ğ¼Ğ°ÑĞ»Ğ¾. Ğ’ÑĞµ Ñ‚Ñ‰Ğ°Ñ‚ĞµĞ»ÑŒĞ½Ğ¾ Ğ¿ĞµÑ€ĞµĞ¼ĞµÑˆĞ¸Ğ²Ğ°ĞµĞ¼, Ğ¸ Ğ¶Ğ°Ñ€Ğ¸Ğ¼ Ğ½Ğ° ÑÑƒÑ…Ğ¾Ğ¹ ÑĞºĞ¾Ğ²Ğ¾Ñ€Ğ¾Ğ´Ğµ. 
ĞŸÑ€Ğ¸ÑÑ‚Ğ½Ğ¾Ğ³Ğ¾ Ğ°Ğ¿Ğ¿ĞµÑ‚Ğ¸Ñ‚Ğ° ğŸ¥â˜•ï¸
#Ğ¿Ğ°Ğ½ĞºĞµĞ¹ĞºĞ¸ #Ñ€ĞµÑ†ĞµĞ¿Ñ‚ #Ñ€ĞµÑ†ĞµĞ¿Ñ‚Ğ¿Ğ°Ğ½ĞºĞµĞ¹ĞºĞ¾Ğ² #Ğ´Ğ¾Ğ±Ñ€Ğ¾ĞµÑƒÑ‚Ñ€Ğ¾ #Ğ·Ğ°Ğ²Ñ‚Ñ€Ğ°Ğº #Ñ‡Ğ°Ğ¹ #Ğ²ĞµĞ³ĞµÑ‚Ğ°Ñ€Ğ¸Ğ°Ğ½ÑĞºĞ¸ĞµÑ€ĞµÑ†ĞµĞ¿Ñ‚Ñ‹ #mikhailvegan #Ğ²ĞµĞ³Ğ°Ğ½ÑĞºĞ¸ĞµÑ€ĞµÑ†ĞµĞ¿Ñ‚Ñ‹ #Ğ²ĞµĞ³Ğ°Ğ½ÑĞºĞ¸ĞµĞ¿Ğ°Ğ½ĞºĞµĞ¹ĞºĞ¸ #Ğ¿Ñ€Ğ¸ÑÑ‚Ğ½Ğ¾Ğ³Ğ¾Ğ°Ğ¿Ğ¿ĞµÑ‚Ğ¸Ñ‚Ğ° #pancakes #goodmorning #food #cooking #vegan #vegetarian #vintage #petertherabbit #peterrabbit",plinplinom,Lisa/Ğ›Ğ¸Ğ·Ğ° ğŸ,B41nT2ggdtd,1573717054,https://scontent-lax3-1.cdninstagram.com/vp/dc75a0411b73d2adf1a648f198e995fd/5E56EEE5/t51.2885-15/e35/s1080x1080/74700265_124514695272298_5611322469389150298_n.jpg?_nc_ht=scontent-lax3-1.cdninstagram.com&_nc_cat=110,1,0.006993006993006993,0,0.0,False,False,"[<meta content=""food"" property=""instapp:hashtags""/>]"
Finishing off the rest of the pasta. Alfredo with Italian sausage. #ë¨¹ìŠ¤íƒ€ê·¸ë¨ #ìš”ë¦¬ìŠ¤íƒ€ê·¸ë¨ #ì§‘ë°¥ìŠ¤íƒ€ê·¸ë¨ #ì§‘ë°¥ #ìš”ë¦¬ #íŒŒìŠ¤íƒ€ #ì•Œí”„ë ˆë„ #ì†Œì‹œì§€ #food #sausage #alfredopasta #pasta #homemade #homecooking #cooking #italiansausage,el.ise907,ğŸ™‚ğŸ™ƒğŸ™‚,B41nTokB9EX,1573717052,https://scontent-lax3-1.cdninstagram.com/vp/858f7eabba8020f27e0a3b93b7338f14/5E544147/t51.2885-15/e35/s1080x1080/70150604_167654414311956_9125308704233395592_n.jpg?_nc_ht=scontent-lax3-1.cdninstagram.com&_nc_cat=100,1,0.0025974025974025974,0,0.0,False,False,"[<meta content=""homecooking"" property=""instapp:hashtags""/>]"
Best-Seller #1:  CHEESY THAI MILK TEA with Grass Jelly ğŸ˜ğŸ§¡ğŸ¥¤ #jellygthaimilktea #thaimilktea #jellygbestseller #jellygtop1 #jellygandme #food #instafood #thebest #whattoeatph #eatsasmallworld,jellygthaimilktea,JellyG Thai Milk Tea,B41nToNHaCK,1573717052,https://scontent-lax3-1.cdninstagram.com/vp/97dc41cffd9107d3b4f564cbbda820d9/5E8C2291/t51.2885-15/e35/s1080x1080/72848855_2561279333958078_7672825105990851798_n.jpg?_nc_ht=scontent-lax3-1.cdninstagram.com&_nc_cat=106,0,0.0,0,0.0,False,False,"[<meta content=""eatsasmallworld"" property=""instapp:hashtags""/>]"
"Caramilk Blondie with dulce de leche and cookie dough gelato
..
#carmodys #caramilk #cadburycaramilk #dessert #food #foodpics #foodphotography #goldcoast #chocolate #brownie #blondie #goldcoast #goldcoastfood #lunches #lunch #sweettreat",nathan.hay.chef,Nathan Hay,B41nTlxgu8K,1573717052,https://scontent-lax3-1.cdninstagram.com/vp/a6a19160a22eff5b28ecccceaa827ac6/5E553851/t51.2885-15/e35/p1080x1080/75629748_166089411135662_3624584421039112153_n.jpg?_nc_ht=scontent-lax3-1.cdninstagram.com&_nc_cat=102,0,0.0,0,0.0,False,False,"[<meta content=""brownie"" property=""instapp:hashtags""/>]"
"Llego una  IPA  para este verano , que te moris , el que la probo.. le encanto ,VERA IPA  citrica ,frutada una bomba ğŸ’£ de sabor !!!
Te esperamos para degustarla en nuestro parador ....
No te olvides de nuestro doble happy y happy extendidooo y degustamos pintas premiun a $100  tenes que pasar y probar ...te esperamos ..
.
.
.
.
.
.
.
. .

#veraipa #verano #pintas #happy #food #feiends #compartir #birreria #parador #cervezas @cervezapatagonia #pwllegrini #rosario",birreriacerveceria,â€¢Birreria & Ciaâ€¢,B41nTL1A3qw,1573717048,https://scontent-lax3-1.cdninstagram.com/vp/c82a821dbb450878fe5e1a2513b2d7bb/5E4D7E17/t51.2885-15/e35/71916301_538145417025221_8509876114455502114_n.jpg?_nc_ht=scontent-lax3-1.cdninstagram.com&_nc_cat=105,0,0.0,0,0.0,False,False,"[<meta content=""birreria"" property=""instapp:hashtags""/>]"
fun #instagramers #TagsForLikes #TagsForLikesApp #food #smile #pretty #followme #nature #lol #dog #hair #onedirection #sunset #swag #throwbackthursday #instagood #beach #statigram #friends #hot #funny #blue #life #art #instahub #photo #cool #pink #bestoftheday #clouds,strangerthingsst____,stranger things â™¥ï¸,B41nS_zone9,1573717047,https://scontent-lax3-1.cdninstagram.com/vp/09724fa1ace99a0c539ccb97cc6417a4/5E54AF6D/t51.2885-15/e35/73166623_184967376004691_8964523612191352430_n.jpg?_nc_ht=scontent-lax3-1.cdninstagram.com&_nc_cat=111,2,0.041666666666666664,0,0.0,False,False,"[<meta content=""blue"" property=""instapp:hashtags""/>]"
"We are revolutionizing  the Food and Argo -Food processing Industry.

We are @htmlfoods
-

Miracle | @officialgodmira :: Emmanuel | @captainumoru :: Toyin | @doersarmy 
#htmldiaries #foodie #agriculture #foodprocessor #food #foodprocessing  #AkureToTheWorld #foodtech #MCE #htmlfoods #worldfoodday #Catering #Caterers #delivery #Worldchangers #Movers",officialgodmira,Godwin Miracle Ojonugwa,B41nS6JH217,1573717046,https://scontent-lax3-1.cdninstagram.com/vp/af0014181a2ef0adbbcc6e728eb2c26d/5E6AA1CD/t51.2885-15/e35/76709222_1190722444454632_3738678536933288789_n.jpg?_nc_ht=scontent-lax3-1.cdninstagram.com&_nc_cat=104,1,0.0010683760683760685,1,0.0010683760683760685,False,False,"[<meta content=""caterers"" property=""instapp:hashtags""/>]"
"Happy #Thursday â˜ºï¸
.
.
We would like to notify you that there shall be some price changes to our #food and #wine over the next coming days. .
.
Some products shall increase in price and others shall decrease ğŸ˜Œ due to a change in our supplier charges.
.
.
We are trying our best to run a profitable #business whilst satisfying you and delivering the best experience.
.
.
A new #menu and price updates shall be available online next week .
.
Thank you for your understanding and we look forward to your continued custom â¤ï¸
.
.
Love Sai ğŸ˜Š",saiwinecafe,Sai Wine CafÃ©,B41nSvcpEiZ,1573717045,https://scontent-lax3-1.cdninstagram.com/vp/268f4f47e6602a98b1586237de10184e/5E5650CF/t51.2885-15/e35/74533383_435070077209564_4593056780933713485_n.jpg?_nc_ht=scontent-lax3-1.cdninstagram.com&_nc_cat=108,0,0.0,0,0.0,False,False,"[<meta content=""thursday"" property=""instapp:hashtags""/>]"
"Somara cafe & co works celebrates childrenâ€™s day ! 
Avail 35% off on our menu for kids.
T&C apply*
.
.
.
.
.
.
.
.
.
.
.
.
.
.
.
.
.
#coworking #coworkspace #coworkinglife #cafe #food #foodie #freelance #Coffee #CoffeePorn #foodporn #foodstagram #foodiesofinstagram #freelancerlife #entrepreneur #startup #foodlover #coffeegram #bangalore #nammafoodiebangalore  #nammabengaluru #jpnagar #getawesome #eatstagram #bengaluru #startup #startupworkspace #newworkplace #childrensdaycelebrartion #childrensdayspecial #childrensday #childrensdsycake",somaracafe_coworks,Somara Cafe & Co-works,B41nS1VlklQ,1573717045,https://scontent-lax3-1.cdninstagram.com/vp/8c381d001636bf5b5eebad151d388be7/5E4720DC/t51.2885-15/e35/73546101_1495124177292395_9024070356237521193_n.jpg?_nc_ht=scontent-lax3-1.cdninstagram.com&_nc_cat=111,0,0.0,0,0.0,False,False,"[<meta content=""cafe"" property=""instapp:hashtags""/>]"
"#kuleshov_chef #ĞšĞ£Ğ›Ğ•Ğ¨ĞĞ’ĞĞĞĞ¢ĞĞ›Ğ˜Ğ™
#michelinrestaurants #tasty #cuisine #food #foodphotography #foodie #foodies #fresh #instafood #foodpics #michelinstar #michelinstars #mystorywithmichelin #michelinguide #michelinguidefood #michelinguideus #michelinguidesf #michelinguidesf #chefdup #michelinstar #michelinstarfood #chefsofinstagram #instachef #chefstagram #myroundplate #playwithyourfood #russianchefs #russianchef",kuleshov_chef,Kuleshov_chef,B41nSjSiXVw,1573717043,https://scontent-lax3-1.cdninstagram.com/vp/b8502cb81606779c66806e02f698fcef/5E6A40D1/t51.2885-15/e35/s1080x1080/72270031_128336048586939_5852528927792378861_n.jpg?_nc_ht=scontent-lax3-1.cdninstagram.com&_nc_cat=103,5,0.0022182786157941437,0,0.0,False,False,"[<meta content=""foodies"" property=""instapp:hashtags""/>]"
"(1/3)
Mm..Food? by MF Doom review.
~
~
This is a re-upload from a long long time ago. I decided to put it up because this albums anniversary is coming up and I gotta study tonight.
~
~
#mfdoom #madlib #doom #drdoom #album #rap #music #mmfood #food #milk #cereal #undergroundhiphop #classic #food #viktorvaughn #top10 #hiphop #2004 #review #lyricalrap #newyorkrap #nyc",rapsrealm,Shams,B41nSkyBm_J,1573717043,https://scontent-lax3-1.cdninstagram.com/vp/f1e1b045a97e55af1eee15dc3c022439/5E44DE66/t51.2885-15/e35/72983971_181423669570288_3693602440581659194_n.jpg?_nc_ht=scontent-lax3-1.cdninstagram.com&_nc_cat=104,1,0.0009225092250922509,0,0.0,False,False,"[<meta content=""viktorvaughn"" property=""instapp:hashtags""/>]"
"â¤Free Biryaniâ¤

#biryani #foodie #foodporn #food #foodphotography #indianfood #chicken #instafood #chickenbiryani #foodgasm #biryanilove #biryanilovers #foodblogger #muttonbiryani #foodstagram #mutton #foodlover #yummy #foodies #delicious #biryanilover #foodiesofinstagram #f #restaurants #healthyfood #nasibriyani #chickendumbiryaniğŸ—ğŸ²",biryani4you,Biryani4You B4U,B41nSfhD5Ij,1573717043,https://scontent-lax3-1.cdninstagram.com/vp/2ff0f37ee4025e67441256f6ecd05990/5E5859C9/t51.2885-15/e35/73398069_162573414832728_7809265507819897628_n.jpg?_nc_ht=scontent-lax3-1.cdninstagram.com&_nc_cat=100,0,0.0,0,0.0,False,False,"[<meta content=""instafood"" property=""instapp:hashtags""/>]"
"à¨œà¨¿à¨¨à¨¾ à¨šà¨¿à¨° à¨šà¨¾à¨° à¨²à©‹à¨•à¨¾à¨‚ à¨¦à©€à¨†à¨‚ à¨¨à¨œà¨¼à¨°à¨¾à¨‚ à¨š à¨®à¨¾à©œà¨¾ à¨¨à¨¹à©€à¨‚ à¨¬à¨£à¨à¨—à¨¾  à¨¤à©‚à©° à¨•à©à©±à¨ à¨¨à¨¹à©€à¨‚ à¨¬à¨£à¨à¨—à¨¾ .
.
.
.
.
.
.
.
.
.
.
#success#Travelgram#City#fit#motivation#love#instamood#pink#wedding#adventure#tattoo#amazing#awesome#Repost#beach#boy#sea#swag#inspiration#photographer#handmade#food#night#video#blue#portrait#USA#architecture#fa",lovepreetsingh08,Lovepreet Singh ğŸ”µ,B41nSjwAENR,1573717043,https://scontent-lax3-1.cdninstagram.com/vp/0d6fb5ee8f55e9f4b11431a277220958/5E5446A2/t51.2885-15/e35/75252767_988802838125793_5056565823814044734_n.jpg?_nc_ht=scontent-lax3-1.cdninstagram.com&_nc_cat=109,3,0.007263922518159807,0,0.0,False,False,"[<meta content=""video"" property=""instapp:hashtags""/>]"
"Spicy rice.
.
.
.
.
.
#food#foodie#foodlover#foodporn#foodgasm#hungry#yum#yummy#tasty#delish#delicious#eat#eating#lunch#dinner#rice#haitian#latin#nyc#miami#cuba",clevenboywonder,Lone Wolf,B41m_JInUIQ,1573717043,https://scontent-lax3-1.cdninstagram.com/vp/7d39a3bc0f22c2f7deb1b74d539ecafc/5DCFD075/t51.2885-15/e35/72645879_184618886007746_8265024612827298540_n.jpg?_nc_ht=scontent-lax3-1.cdninstagram.com&_nc_cat=102,0,0.0,0,0.0,False,False,[]
"Szybkie naleÅ›niki jaglane.â˜ºï¸
Ostatnio zaczÄ™Å‚am siÄ™ lubiÄ‡ z mÄ…kÄ… orkiszowÄ… i jaglanÄ…. Czas na dobre zmiany ğŸ˜‰
Z racji, Å¼e niedziela jest dla mnie dniem wolnym od ig to w poniedziaÅ‚ek moÅ¼ecie spodziewaÄ‡ siÄ™ pierwszego pomysÅ‚u na sÅ‚odka przekÄ…skÄ™. BÄ™dzie to prosty  przepis na rurki z kremem czekoladowym. TrochÄ™ dÅ‚uÅ¼sza przekÄ…ska, ale proponujÄ™ Wam to jako pierwsze , bo ostatnio z tym eksperymentuje ğŸ™‚
Poza tym pokaÅ¼Ä™ Wam jak w prosty sposÃ³b zrobiÄ‡ wÅ‚asne foremki w domu z tego co na pewno kaÅ¼dy z Was ma ğŸ˜ƒ
Tymczasem miÅ‚ego czwartku !ğŸ˜˜â¤ï¸
*
*
*
#naleÅ›niki #pancakes #Å›niadanie #jedzenie #food #zdrowejedzenie #pyszne #zdrowojem #pycha #foodporn #healthyfood #instafood #breakfast #foodphotography #smacznie #mniam #domowejedzenie #dzieÅ„dobry #poland #Å›niadaniedajemoc #jesieÅ„ #followme #nalesnikijaglane #dÅ¼em #przetwory #jam #owoce #domoweprzetwory #pomyslnasniadanie #konfitury",miodziomi_,Angelika  â—¾96â—¾,B41nSg8F10-,1573717043,https://scontent-lax3-1.cdninstagram.com/vp/199b5670e28d15fbf2197e53fe605471/5E563743/t51.2885-15/e35/74927892_446754102646571_3994309937647691269_n.jpg?_nc_ht=scontent-lax3-1.cdninstagram.com&_nc_cat=111,3,0.002657218777679362,0,0.0,False,False,"[<meta content=""konfitury"" property=""instapp:hashtags""/>]"
"Surround yourself with the dreamers and the doers, the believers and thinkers, but most of all, surround yourself with those who see greatness within you, even when you donâ€™t see it yourself ğŸ™ğŸ¼.
.
I donâ€™t care what ANYONE says, NO ONE stays motivated and inspired at all times..
.
Sometimes itâ€™s easy to feel like the journey is overwhelming, stressful, and wonder if itâ€™ll ever come together...
.
By having the right people in your life, who believe in YOU, itâ€™s incredible how your mentality and perspective can quickly change for the betterğŸ‘ŠğŸ¼.
.
Thankful to have so many amazing people in the inner circle these days, I appreciate each and everyone of youğŸ”¥.
.
#binaryoptions #bitcoin #moneymotivated #rich #legitmoney #casa #food #fx #forex #passiveincome #richlife #wealthy #business #financialfreedom #millionaire #cash #fastmoney #quickcash #empowerment #onlinebusiness #startuplife #millionairemindset #philippines #southafrica #dubai #drake #maldives #saudiarabia #motivationalquotes",thorne_frazerfx,THORNE FRASER,B41nSZJAjr8,1573717042,https://scontent-lax3-1.cdninstagram.com/vp/1dc7378ee7f6cc02a065cc14b2ee80ec/5E449A1D/t51.2885-15/e35/71821571_1256249501243821_7563449660899241953_n.jpg?_nc_ht=scontent-lax3-1.cdninstagram.com&_nc_cat=101,0,0.0,0,0.0,False,False,"[<meta content=""casa"" property=""instapp:hashtags""/>]"
"ğŸ–¤ ğ’œğ’¹ğ“‡ğ‘’ğ“ˆğ“ˆğ‘’ ğ“‚ğ’¶ğ“‡ğ“ˆğ‘’ğ’¾ğ“ğ“ğ’¶ğ’¾ğ“ˆğ‘’ ğŸ–¤
Cette semaine grÃ¢ce Ã  @lestoqueesdelacom, avec Chaton nous avons dÃ©couvert @labolapepite. 
Premier concept de pÃ¢tisseries artisanales spÃ©cialisÃ© dans le Â« sans gluten et sans produits laitiers Â» Ã  Marseille. Une adresse 100% bio que jâ€™aime dÃ©jÃ  beaucoup, tout comme Chaton apparemment... â€¢
â€¢
â€¢
â€¢
#bonneadressemarseille #adresselapetiteindic #food #bio #sansgluten #sansproduitslaitiers #blogueuse #babymaloe #mumlife",lapetiteindic,â³ ğ‘€ğ“ğ“Ã¨ğ“ƒğ‘’ â‹† ğ¿ğ’¶ ğ’«ğ‘’ğ“‰ğ’¾ğ“‰ğ‘’ ğ¼ğ“ƒğ’¹ğ’¾ğ’¸ â³ â™¡,B41nSbrA8Po,1573717042,https://scontent-lax3-1.cdninstagram.com/vp/522cf59ffada9ff3867ab5bb3cf39df9/5E5E68CB/t51.2885-15/e35/p1080x1080/72657352_464700017492898_820008023717237946_n.jpg?_nc_ht=scontent-lax3-1.cdninstagram.com&_nc_cat=106,0,0.0,0,0.0,False,False,"[<meta content=""bonneadressemarseille"" property=""instapp:hashtags""/>]"
"ÙˆØ¬Ø§Ù† Ù†Ø¬ÙŠØ¨Ù„ÙƒÙ… ÙÙŠØ¯ÙŠÙˆ Ø§Ù„Ø§Ø³Ø¯ 
Ø§Ø­Ø¯ Ø§Ø¨Ø·Ø§Ù„ Ø§Ù„Ù…Ø¸Ø§Ù‡Ø±Ø§Øª Ø³Ù…Ø¹ Ø¨Ø§Ù† Ù‚ÙˆØ§Øª Ø§Ù„Ø´ØºØ¨ Ø³ÙˆÙ ØªÙ‚ÙˆÙ… Ø¨Ø£Ø­Ø¶Ø§Ø± Ø§Ù„ÙƒÙ„Ø§Ø¨ Ø§Ù„Ø¨ÙˆÙ„ÙŠØ³ÙŠØ© Ù„Ù‚Ù…Ø¹ Ø§Ù„Ù…ØªØ¸Ø§Ù‡Ø±ÙŠÙ† ÙÙ‚Ø§Ù… Ø¨Ø£Ø­Ø¶Ø§Ø± Ø§Ø³Ø¯Ù‡ 
Ù‡Ø°ÙˆÙ„Ù‡ ÙˆÙŠØ§Ù…Ù† Ø§Ù†Ø¯ÙƒÙˆ Ù…Ø®Ø§Ø¨ÙŠÙ„
#Ù…ØªØ§Ø¨Ø¹ÙŠÙ† #Ù…ØªØ§Ø¨Ø¹Ø© #ÙÙˆÙ„ÙˆÙ…ÙŠ #ÙÙˆÙ„Ùˆ_Ù…ÙŠ #Ù„Ø§ÙŠÙƒØ§Øª #Ù„Ø§ÙŠÙƒ #ØªØ³ØªØ­Ù‚_Ø§Ù„Ù…ØªØ§Ø¨Ø¹Ù‡ #ØªØ§Ø¨Ø¹ÙˆÙ†ÙŠ #ØªØ§Ø¨Ø¹Ù†ÙŠ #ØªØ§Ø¨Ø¹ #Ù†Ø´Ø±_Ø­Ø³Ø§Ø¨Ø§Øª #Ø§ÙƒØ³Ø¨Ù„ÙˆØ± #Ù…ØªØ§Ø¨Ø¹ÙŠÙ† #Ù…ØªØ§Ø¨Ø¹Ø©  #Ø²ÙŠØ§Ø¯Ù‡_Ù…ØªØ§Ø¨Ø¹ÙŠÙ† #Ø²ÙŠØ§Ø¯Ø©_Ù…ØªØ§Ø¨Ø¹ÙŠÙ†#Ù…ØªØ§Ø¨Ø¹Ø©_ÙŠÙˆÙ…ÙŠØ© #Ù…ØªØ§Ø¨Ø¹Ø©_Ù„Ù„Ø¨ÙŠØ¬ #ØªÙØ§Ø¹Ù„ #ØªÙØ§Ø¹Ù„Ùˆ 
#Ù…Ø´Ø§Ù‡ÙŠØ± Ø§Ù„Ø¹Ø±Ø¨
#ÙƒØ§Ø¸Ù…_Ø§Ù„Ø³Ø§Ù‡Ø±
#tag #followforfollowback #followers #food #explorepage #nice 
#Ù†Ø§Ø²Ù„_Ø§Ø®Ø°_Ø­Ù‚ÙŠ #Ø§Ø±ÙŠØ¯_ÙˆØ·Ù† #save_the_iraqi_people",mustafa_yas1,Ibn al-Rafidain,B41nNpeAFsN,1573717042,https://scontent-lax3-1.cdninstagram.com/vp/5e593d7acd8881ef1d90af26c8831466/5DCF7EEB/t51.2885-15/e35/74838708_2482625922010237_3239206830287731390_n.jpg?_nc_ht=scontent-lax3-1.cdninstagram.com&_nc_cat=101,0,0.0,0,0.0,False,False,[]
Only positive vibes when Iâ€™m cooking and creating vegan meals in my very own foodtruck. ğŸ‘ğŸŒ¿ğŸš›â¤ï¸. #thelolablanco #vegan #foodtruck #food #positivevibes #healthyfood #foodtrucks #veganfood,lolablancofood,Lola Blanco,B41nSPqFZ7Q,1573717041,https://scontent-lax3-1.cdninstagram.com/vp/e952e44feeb40d9aafc855ad1965bccf/5E4770FC/t51.2885-15/e35/s1080x1080/75225395_401248824085499_4609474054811451425_n.jpg?_nc_ht=scontent-lax3-1.cdninstagram.com&_nc_cat=111,1,0.0018587360594795538,0,0.0,False,False,"[<meta content=""food"" property=""instapp:hashtags""/>]"
"ğŸ˜€ğŸ‘ #ë‚®ìˆ 

#ë‚®ìˆ ì„ë¶€ë¥´ëŠ”ë§› #ê°œê¿€ë§› #ì´ê±°ë§Œì‚¬ë¨¹ì„ë“¯ #ìµœê³ ğŸ‘
#ë‹­ë‹¤ë¦¬ #ë‹­ë‹¤ë¦¬ë§Œ #ë‹­ë‹¤ë¦¬ìµœê³  #ì—„ì²­ë§›ìˆë‹¤ #ì¹˜ëŠë‹˜
#ì¹˜ë§¥ #ì¹˜ë§¥í•œì” #JMT #ê°€ì„±ë¹„ìµœê³  #ë¨¹ìŠ¤íƒ€ #ê¿€ë§›
#ë¨¹ë°©ìŠ¤íƒ€ê·¸ë¨ #ë¨¹ìŠ¤íƒ€ê·¸ë¨ #food #foodie
#instafood #foodstagram #ì¼ìƒê¸°ë¡
#foodlike #ì¸ì¹œí•´ìš” #ì¹œì¶”í™˜ì˜ğŸ™Œ #ì†Œí†µğŸ™†",kitiy007,ìª¼ê¼¬,B41nSWvlE9X,1573717041,https://scontent-lax3-1.cdninstagram.com/vp/192cd5c98bd9c380ae0219214dcd0438/5E5CA6A0/t51.2885-15/e35/72709713_2505876469735754_4729094505736055285_n.jpg?_nc_ht=scontent-lax3-1.cdninstagram.com&_nc_cat=102,2,0.0012539184952978057,0,0.0,False,False,"[<meta content=""ê¿€ë§›"" property=""instapp:hashtags""/>]"
HAPPY CHILDREN'S DAY #happychildrensday2019 #poverty #education #food,yadavdp96,Dharm Prakash Yadav,B41nSSSnMXw,1573717041,https://scontent-lax3-1.cdninstagram.com/vp/a804a4cbf098d354934a7b222aba7dd6/5E504B9C/t51.2885-15/e35/71783394_208893843457690_4488578934525392454_n.jpg?_nc_ht=scontent-lax3-1.cdninstagram.com&_nc_cat=110,0,0.0,0,0.0,False,False,"[<meta content=""happychildrensday2019"" property=""instapp:hashtags""/>]"
"Ğ’Ñ€ĞµĞ¼Ğµ Ğµ Ğ·Ğ° Ğ·Ğ°ĞºÑƒÑĞºĞ° ğŸ”” ĞšĞµĞºÑ Ñ Ğ¿Ğ¾Ñ€Ñ‚Ğ¾ĞºĞ°Ğ» Ğ¸ ĞºĞ°Ñ€Ğ°Ğ¼ĞµĞ»ĞµĞ½ ÑĞ¾Ñ ğŸŠ ğŸ“ŒĞ ĞµÑ†ĞµĞ¿Ñ‚Ğ°Ñ‚Ğ° Ğµ Ğ½Ğ° matekitchen.com

#Ğ”Ğ°ÑĞµĞ´Ğ½ĞµĞ¼Ğ½Ğ°ĞµĞ´Ğ½Ğ°Ğ¼Ğ°ÑĞ°  #breakfast #orange #caramel #food #foodphotography",_matekitchen_,Mate Kitchen ğŸ¥—ğŸ²ğŸ›ğŸ§,B41nSOmDSBj,1573717040,https://scontent-lax3-1.cdninstagram.com/vp/4433392f390f289e283d11e1fe4d8ab6/5E5DEB74/t51.2885-15/e35/74803105_443699126336953_588889847473723373_n.jpg?_nc_ht=scontent-lax3-1.cdninstagram.com&_nc_cat=101,1,0.00205761316872428,0,0.0,False,False,"[<meta content=""Ğ´Ğ°ÑĞµĞ´Ğ½ĞµĞ¼Ğ½Ğ°ĞµĞ´Ğ½Ğ°Ğ¼Ğ°ÑĞ°"" property=""instapp:hashtags""/>]"
"Ğ ÑƒĞ±Ñ€Ğ¸ĞºĞ° Ñ‚Ğ¾Ñ€Ñ‚Ğ¸ĞºĞ¾Ğ², ĞºĞ¾Ñ‚Ğ¾Ñ€Ñ‹Ğµ Ğ½Ğµ ÑƒÑĞ¿ĞµĞ»Ğ° ÑÑ„Ğ¾Ñ‚ĞºĞ°Ñ‚ÑŒ ğŸ™ˆ Ğ”Ğ²Ğ° Ğ³Ğ¾Ğ´Ğ° Ğ¿Ğ¾Ğ´Ñ€ÑĞ´ Ğ¼Ñ‹ Ğ´ĞµĞ»Ğ°Ğ»Ğ¸ Ğ’Ğ°Ğ½Ğµ ""Ğ§ĞµĞ»Ğ¾Ğ²ĞµĞºĞ° Ğ¿Ğ°ÑƒĞºĞ°"" ğŸ•·ï¸ ĞĞ¾ Ğ² ÑÑ‚Ğ¾Ğ¼ Ğ³Ğ¾Ğ´Ñƒ Ñ€ĞµÑˆĞ¸Ğ»Ğ¸ Ğ¿ĞµÑ€ĞµĞ¹Ñ‚Ğ¸ Ğ½Ğ° Ğ´Ñ€ÑƒĞ³Ğ¾Ğ¹, Ğ¸Ğ³Ñ€Ğ¾Ğ²Ğ¾Ğ¹, ÑƒÑ€Ğ¾Ğ²ĞµĞ½ÑŒ ğŸ˜ ĞŸĞ¾Ğ·Ğ´Ñ€Ğ°Ğ²Ğ»ÑÑ Ğ’Ğ°Ğ½ÑÑˆĞºÑƒ Ñ Ğ½Ğ°ÑÑ‚ÑƒĞ¿Ğ¸Ğ²ÑˆĞ¸Ğ¼ Ğ´Ğ½ĞµĞ¼ Ñ€Ğ¾Ğ¶Ğ´ĞµĞ½Ğ¸Ñ â¤ï¸ Ğ–ĞµĞ»Ğ°Ñ ÑÑ‡Ğ°ÑÑ‚ÑŒÑ, Ğ·Ğ´Ğ¾Ñ€Ğ¾Ğ²ÑŒÑ, ÑƒÑĞ¿ĞµÑ…Ğ¾Ğ² Ğ¿Ğ¾ Ğ¶Ğ¸Ğ·Ğ½Ğ¸ ğŸ¥° Ğ’Ğ½ÑƒÑ‚Ñ€Ğ¸ ÑĞ¿Ñ€ÑÑ‚Ğ°Ğ»ÑÑ ""Ğ¡Ğ½Ğ¸ĞºĞµÑ€Ñ"" ğŸ«Ğ’ĞµÑ Ñ‚Ğ¾Ñ€Ñ‚Ğ° 2,2 ĞºĞ³. Ğ”Ğ»Ñ Ğ·Ğ°ĞºĞ°Ğ·Ğ° Ğ¿Ğ¸ÑˆĞ¸Ñ‚Ğµ Ğ² direct ğŸ“©Ğ¦ĞµĞ½Ñ‹, Ğ²Ğ°Ñ€Ğ¸Ğ°Ğ½Ñ‚Ñ‹ Ğ½Ğ°Ñ‡Ğ¸Ğ½Ğ¾Ğº Ğ¸ Ğ´ĞµĞºĞ¾Ñ€Ğ° ÑĞ¼Ğ¾Ñ‚Ñ€Ğ¸Ñ‚Ğµ Ğ² Ğ¼Ğ¾ĞµĞ¹ Ğ³Ñ€ÑƒĞ¿Ğ¿Ğµ Ğ²Ğº â¬†ï¸
#Ñ‚Ğ¾Ñ€Ñ‚ #Ñ‚Ğ¾Ñ€Ñ‚Ñ‹ #Ñ‚Ğ¾Ñ€Ñ‚Ñ‹Ğ½Ğ°Ğ·Ğ°ĞºĞ°Ğ· #Ğ·Ğ°ĞºĞ°Ğ·Ğ°Ñ‚ÑŒÑ‚Ğ¾Ñ€Ñ‚ #Ñ‚Ğ¾Ñ€Ñ‚Ñ‹Ğ±ĞµĞ·Ğ¼Ğ°ÑÑ‚Ğ¸ĞºĞ¸ #ÑĞ»Ğ°Ğ´ĞºĞ¸Ğ¹ÑÑ‚Ğ¾Ğ» #Ğ¿Ğ¾Ğ´Ğ°Ñ€Ğ¾Ğº  #Ğ´ĞµĞ½ÑŒÑ€Ğ¾Ğ¶Ğ´ĞµĞ½Ğ¸Ñ #Ğ¿Ñ€Ğ°Ğ·Ğ´Ğ½Ğ¸Ğº #ĞºĞ°Ğ·Ğ°Ğ½ÑŒ #ÑĞ´Ğ¸Ğ½Ğ¾ #Ğ·Ğ°Ğ»ĞµÑĞ½Ñ‹Ğ¹ #ÑĞ°Ğ»Ğ°Ğ²Ğ°Ñ‚ĞºÑƒĞ¿ĞµÑ€Ğµ #Ñ€Ğ°Ğ´ÑƒĞ¶Ğ½Ñ‹Ğ¹ #Ğ¾ÑĞ¸Ğ½Ğ¾Ğ²Ğ¾ #Ğ·Ğ°Ğ¹Ğ¼Ğ¸Ñ‰Ğµ #Ğ°Ñ€Ğ°ĞºÑ‡Ğ¸Ğ½Ğ¾ #Ñ„Ñ€ÑƒĞ½Ğ·Ğµ #Ñ‚Ğ¾Ñ€Ñ‚Ñ‹ÑĞ´Ğ¸Ğ½Ğ¾ #Ñ‚Ğ¾Ñ€Ñ‚Ñ‹Ğ½Ğ°Ğ·Ğ°ĞºĞ°Ğ·ÑĞ´Ğ¸Ğ½Ğ¾ #Ñ‚Ğ¾Ñ€Ñ‚Ğ´Ğ»ÑÑ€ĞµĞ±ĞµĞ½ĞºĞ° #Ñ‚Ğ¾Ñ€Ñ‚Ğ´Ğ»ÑĞ¼Ğ°Ğ»ÑŒÑ‡Ğ¸ĞºĞ° #Ğ·ĞµĞ»ĞµĞ½Ñ‹Ğ¹Ñ‚Ğ¾Ñ€Ñ‚ #marinini_cakes #kazan #kzn #cake #food #instadeti #minecraft",marinini_cakes,Ğ¢Ğ¾Ñ€Ñ‚Ñ‹ Ğ½Ğ° Ğ·Ğ°ĞºĞ°Ğ·. ĞšĞ°Ğ·Ğ°Ğ½ÑŒ,B41nRsqCmnC,1573717036,https://scontent-lax3-1.cdninstagram.com/vp/4d5a78616eb5d1abb1565315945505b8/5E4F2BCB/t51.2885-15/e35/73274979_157221432044541_9991976703138423_n.jpg?_nc_ht=scontent-lax3-1.cdninstagram.com&_nc_cat=109,1,0.0011148272017837235,0,0.0,False,False,"[<meta content=""Ğ·Ğ°Ğ¹Ğ¼Ğ¸Ñ‰Ğµ"" property=""instapp:hashtags""/>]"
"Is it possible to eat something SWEET/FATTY/WHATEVERYOULIKE when you lose weight? Yes!
Many believe that any piece of cake is deposited in fat/cellulite immediately. But my girls know that it is important not only to get into the daily norm of calories but also to observe the ratio of macronutrients. A beautiful healthy body can be made only by a balanced diet. 
However, if you create a calorie deficit for weight loss but your diet mostly consists of large amount of fruits (carbohydrates with high sugar content), flour products, coffee with a couple spoon of sugar and so on, what beautiful body are we talking about then? 
If your diet is as balanced as possible, then one strip of chocolate or a ball of ice cream will not lead to cellulite. Even if you eat it everyday! Moreover, if in your menu there are ""prohibited products"" then follow it will not be difficult. This caribbean Mai Thai is the proof ğŸ‘†ğŸ» #anastasia_pt #sport_for_life #personaltrainer #personaltrainermalta #fitness #coach #food #diet #maithai",anastasia_personal_trainer,Sport_for_Life,B41nRtDBOUC,1573717036,https://scontent-lax3-1.cdninstagram.com/vp/3ecf9c57750c39f3b912e0da6cf9781b/5E87E4F1/t51.2885-15/e35/p1080x1080/71734694_118371966002880_4741233701920363352_n.jpg?_nc_ht=scontent-lax3-1.cdninstagram.com&_nc_cat=100,1,0.008771929824561403,0,0.0,False,False,"[<meta content=""personaltrainermalta"" property=""instapp:hashtags""/>]"
LIFE is what you can bring to the table ğŸ¦ ğŸ˜ğŸ‘ #Life #Travel #Memories #Lifecoach #entrepreneur #Lifestyle #worldtraveler #travelpic #Boston #Lobster #food #lunch #seafood,zhou.jeff,Jeff Zhou,B41nRtcAxuB,1573717036,https://scontent-lax3-1.cdninstagram.com/vp/ca6dafa97a39c5b0cb8321ea42f15f29/5E5F6415/t51.2885-15/e35/p1080x1080/76909697_215349062801192_4016402091095561234_n.jpg?_nc_ht=scontent-lax3-1.cdninstagram.com&_nc_cat=108,3,0.0001318217769575534,0,0.0,False,False,"[<meta content=""lobster"" property=""instapp:hashtags""/>]"
"ğŸ”ŠğŸ”Š New place alert ~ Are you a Ghazal lover?? ğŸ¤” If yes then this is definitely your place ğŸ¥³ğŸ¥³ ~ Swipe left for Ghazal clip ğŸ¬
. .
In frameğŸ“¸ ~ Murgh Kali Mirch Tikka ğŸ— ğŸ“Pearls Regency
.
.
STAY TUNED ğŸ¤—
FOLLOW @khao_khilao_khilkhilao
.
.
#khao_khilao_khilkhilao #chickentikka #chickenwings #chicken #food #foodie #foodporn #instafood #yummy #ghazal #delicious #dinner #foodlover #foodgasm #foodies #foodstagram #lunch #foodblogger #tasty #musical #healthyfood #love #yum #friedchicken #cheese #cooking #meat",khao_khilao_khilkhilao,Anju Singh ğŸ’â€â™€ï¸,B41nRtzlTFI,1573717036,https://scontent-lax3-1.cdninstagram.com/vp/9f1f3e821e162b829578d6fc3079afdb/5E51133C/t51.2885-15/e35/73110401_1361846877325944_19465862914143371_n.jpg?_nc_ht=scontent-lax3-1.cdninstagram.com&_nc_cat=100,4,0.0006612663250123987,0,0.0,False,False,"[<meta content=""dinner"" property=""instapp:hashtags""/>]"
Cok yakinda.. ğŸ’£ğŸ’£ğŸ’£ @mamicinicafe,degradephotography,degradephotography,B41nRgcJGkd,1573717035,https://scontent-lax3-1.cdninstagram.com/vp/e8f6e205231cabf8f84bb0f12d88e123/5E54795D/t51.2885-15/e35/p1080x1080/74656676_177081930162031_1901568668577901426_n.jpg?_nc_ht=scontent-lax3-1.cdninstagram.com&_nc_cat=107,3,0.000418351694324362,1,0.00013945056477478735,False,False,"[<meta content=""canon"" property=""instapp:hashtags""/>]"
"Getting our Chrissycorns going on for @seddonmakersmarket this Saturday sweet eaters! 
Canâ€™t wait to be there and see you all
Get in quick to get your goodies ğŸ˜ƒğŸ˜ƒğŸ¦„ğŸ¦„ #chrissycorns #melbournemarkets #handmade #melbourne #food #sweet #eatsweetindulgence #treat #melbournefoodie #melbournefood #insta #christmasmeringues #girlboss #smallbusinessowner #chocolate #smallbatch #artisan #makersmarket #christmasunicorn #buylocal #nougat #peanutbrittle #honeycomb  #seddonmakersmarket #seddon #meringuekisses #unicornkisses",eatsweetindulgence,Eat Sweet,B41mpmWAsGS,1573717035,https://scontent-lax3-1.cdninstagram.com/vp/15ced75aa288c8eda1c3a2166baab5d9/5DCFD6DD/t51.2885-15/e35/74838708_434522430567125_3902833171202748790_n.jpg?_nc_ht=scontent-lax3-1.cdninstagram.com&_nc_cat=105,1,0.0008650519031141869,0,0.0,False,False,[]
"Letâ€™s make today special for kids of all ages...!!!
#ChildrensDay2019

Visit us @ Curly Cravings, Kodambakkam
#yourfullstoptohunger #curlycravings .
.
#maggi #foodie #food #foodlover #tasty #restaurant #foodgasm #eat #yummy #delicious #instafood #chennaifood #singarachennai #foodblogger #offers #pizzas #pasta #sizzlers #desserts #cakes #donuts #foodlover #foodporn #chennaifoodie #walkwithchennai #walkwithindia #followme",curly_cravings_kodambakkam,Curly Cravings - Kodambakkam,B41nRcKpprw,1573717034,https://scontent-lax3-1.cdninstagram.com/vp/a5557ba0d9b18a95a2c05e4e37fcf459/5E48604C/t51.2885-15/fr/e15/s1080x1080/73398059_481035696100089_8545583035982829391_n.jpg?_nc_ht=scontent-lax3-1.cdninstagram.com&_nc_cat=109,1,0.01818181818181818,0,0.0,False,False,"[<meta content=""chennaifoodie"" property=""instapp:hashtags""/>]"
"@kajalaggarwalofficial  ugh....her milky armpits....hottest actress ever...
#love #instagood #photooftheday #fashion #beautiful #happy #cute #tbt #picoftheday #me #selfie #summer #art #instadaily #friends #repost #nature #girl #fun #style #smile #food #instalike #family #travel #fitness",tamil_actress_world_,,B41nRVWJkH9,1573717033,https://scontent-lax3-1.cdninstagram.com/vp/8859c66d67c63d15a914fe304d685549/5E56762D/t51.2885-15/e35/73387353_1071373026528223_6697670411270529187_n.jpg?_nc_ht=scontent-lax3-1.cdninstagram.com&_nc_cat=107,7,0.0007357578305654825,0,0.0,False,False,"[<meta content=""selfie"" property=""instapp:hashtags""/>]"
"50! ğŸ¥³âœŒ all my love to the most amazing woman in the world!

#birthday #party #happybirthday #love #cake #wedding #birthdaycake #birthdayboy #happy #birthdayparty #family #anniversary #friends #celebration #fun #instagood #gift #50thbirthday #like #handmade #sweet #photography #instagram #birthdayboy  #eventplanner #event #food #art #bhfyp",1969mopic,funkydunx,B41nQ7kHOoK,1573717030,https://scontent-lax3-1.cdninstagram.com/vp/b3e89e6060629d341f141727bf500d47/5E6B26DE/t51.2885-15/e35/72646465_165859144510372_7384123138238816266_n.jpg?_nc_ht=scontent-lax3-1.cdninstagram.com&_nc_cat=104,2,0.03508771929824561,0,0.0,False,False,"[<meta content=""friends"" property=""instapp:hashtags""/>]"
"#ë¼ì§€
#ì¸ë°”ë””ê¸°ë¡ê°±ì‹ 

#ë‹¤ì´ì–´íŠ¸ í•˜ê¸°ì‹«ë‹¤
ë¨¹ê³ ì‹¶ë‹¤ ê³„ì† ã…

#ë¨¹ë°©#ë°¥ìƒ#food#ì§‘ë°¥#ë‹¤ì´ì–´íŠ¸#ì†Œí†µ #ì•„ì´ë°˜ì°¬#ìš”ë¦¬#ìƒì°¨ë¦¼#ë¨¹ìŠ¤íƒ€#ë§›ìŠ¤íƒ€#ì£¼ë¶€#ì£¼ë¶€ì¼ìƒ#ì£¼ë¶€ì†Œí†µ#ì¼ìƒ#ë°ì¼ë¦¬#daily#ìœ¡ì•„ë§˜#ë§˜ìŠ¤íƒ€#ì…€í”¼#ì£¼ë¶€ìŠ¤íƒ€ê·¸ë¨#ì‚´ë¦¼#ì´ˆë”©ë§˜#ì¤Œë§ˆê·¸ë¨#ì¤Œë§ˆì¼ìƒ",sin.minjeong,ìœ¡ì•„ë§˜ì¼ìƒ. ë¨¹ëŠ”ì¦ê±°ì›€ ~  í˜¸ë¡œë¡ !ğŸ‚ğŸ³ğŸ•ğŸ¤ğŸğŸ”,B41nQ6jF0tR,1573717030,https://scontent-lax3-1.cdninstagram.com/vp/65d10e68c0c61b6eb7f5bccdcbc256e5/5E59D9B7/t51.2885-15/e35/73303544_412731806089903_7343707998387655004_n.jpg?_nc_ht=scontent-lax3-1.cdninstagram.com&_nc_cat=107,2,0.00027552004408320705,0,0.0,False,False,"[<meta content=""ì¤Œë§ˆê·¸ë¨"" property=""instapp:hashtags""/>]"
"was watching #thepredator2018 when i had a sudden #craving for #apambalik how are those two related? #notsure myself ğŸ˜‚

for those in #sitiawan and nearby, #go to #pasarawamsitiawan the #makcik #pakcik are there at the #parking under the #trees

#apambalikviral #supportlocalbusiness #supportsmallbusiness #supportlocaltraders #food #foodie #foodphotography #foodgasm #foodstagram #instafood #foodlover #foodilicious #streetfood #malaysia #comfortfood",armagde,abdulrahim,B41nQ1LnJBr,1573717029,https://scontent-lax3-1.cdninstagram.com/vp/2112b0d3cbf7d9643a41e61e77f2e0ab/5E5E96AB/t51.2885-15/e35/74600029_195675901601402_3163330908831471299_n.jpg?_nc_ht=scontent-lax3-1.cdninstagram.com&_nc_cat=102,2,0.004338394793926247,0,0.0,False,False,"[<meta content=""thepredator2018"" property=""instapp:hashtags""/>]"
"Sai cos'Ã¨ la condizione di ACIDOSI LATENTE?
Si tratta di una condizione di acidosi metabolica cronica che fa sÃ¬ che il PH ematico, seppur ancora nei limiti, si avvicini eccessivamente al valore inferiore fisiologico.
Questo Ã¨ molto pericoloso perchÃ© normalmente viene associato a malattie come il diabete e l'insufficienza renale.
La buona notizia Ã¨ che bastano pochi e semplici accorgimenti per combatterla.

Le regole di base sono 2 e sono molto semplici:

1. aumentare lâ€™assunzione di cibi alcalinizzanti contenenti fibre, proteine vegetali e minerali alcalinizzanti (preziosa Ã¨ la frutta, prima di tutto l'anguria e il limone, molto alcalinizzanti); 2. diminuire quella dei cibi acidificanti, ricchi di sale.

Continua a seguirmi perchÃ© domani ti parlerÃ² dei fenomeni che conducono allâ€™acidosi latente.
.
.
.
#dottluciapremdacostucci #prevenzione #salute #keto #ketodiet #detoxday #detoxwater #nutrizione #dieta #staiconoi #metodopremdainformaperfetta #mammeitaliane #mammarum #detox #food #ricetta #primopiatto #detoxjuice #detoxsmoothie #dimagrimento #dimagrimentorapido #dimagrimentolocalizzato #dimagrire #dimagriremangiando #dietasana #intolleranze",luciapremda,Dott. Lucia  Premda Costucci,B41nQyRh6Su,1573717029,https://scontent-lax3-1.cdninstagram.com/vp/e3768929a42690df728a778aa4a56da5/5E43DEC2/t51.2885-15/e35/74409238_478213349571760_4515523954252234091_n.jpg?_nc_ht=scontent-lax3-1.cdninstagram.com&_nc_cat=104,0,0.0,0,0.0,False,False,"[<meta content=""mammeitaliane"" property=""instapp:hashtags""/>]"
"my take on hokkaido baked cheese tarts ğŸ‘¨â€ğŸ³, made for a breakfast at a friend's a few weeks back. i put a little too much butter in the pastry, which made the bases very crumbly and kind of tough to handle. however, the overall taste was cheesy yet subtle ğŸ˜‹ #hokkaidobakedcheesetart #homecooking #sharingiscaring #melbourne #australia #melbourneeats #melbournefood #melbournefoodie #melbmoment #food #foodie #foodgasm #foodporn #instafood #instafoodie",kongs_kitchen,Oscar,B41nQtYJIdB,1573717028,https://scontent-lax3-1.cdninstagram.com/vp/02aabde6bdaa61ba2ceb0ff0800b7cfd/5E8C16E0/t51.2885-15/e35/73475347_434329577281764_7569582416683030080_n.jpg?_nc_ht=scontent-lax3-1.cdninstagram.com&_nc_cat=100,1,0.0024509803921568627,1,0.0024509803921568627,False,False,"[<meta content=""foodie"" property=""instapp:hashtags""/>]"
"AWESOME MEMES ? THEN FOLLOW MEÂ @innocent_bantaiÂ .
.
.
.
.
.
.
.
Ignore Tags ğŸš«ğŸš« ğŸš«ğŸš« ğŸš«

#indianÂ #indiaÂ #loveÂ #instagramÂ #photographyÂ #mumbaiÂ #bollywoodÂ #fashionÂ #followÂ #delhiÂ #likeÂ #instagoodÂ #indianweddingÂ #bhfypÂ #desiÂ #indianarmyÂ #photoofthedayÂ #likeforlikesÂ #travelÂ #artÂ #foodÂ #modelÂ #tiktokÂ #maharashtraÂ #punjabiÂ #indianfashionÂ #keralaÂ #natureÂ #memesÂ #bhfyp",innocent_bantai,Innocent Bantai ğŸ˜‚,B41nQtMhuP7,1573717028,https://scontent-lax3-1.cdninstagram.com/vp/f276838045a3dc4772da97a3a5b824eb/5E4D58D6/t51.2885-15/e35/73480714_2558800201069164_367285161468874240_n.jpg?_nc_ht=scontent-lax3-1.cdninstagram.com&_nc_cat=100,9,0.0008179587385258566,0,0.0,False,False,"[<meta content=""maharashtra"" property=""instapp:hashtags""/>]"
"Great times with great people.
#houseofcateringsocal
#lobster #lobstertail #lobsters #rice #vegetables #vegan #soysauce #food #foodies #foodiesofinstagram #foodiegram #catering #mobilecatering #foodporn #foodconnoisseur #ilovefood #eat #eating #bestfood #wine #shrimp #temecula #oceanside #sandiego #losangeles #carlsbad",houseofcateringsocal,ChefRaulhouseofcatering,B41nQuiAA7g,1573717028,https://scontent-lax3-1.cdninstagram.com/vp/3ca90ea1c68c6ce7c41b417f157a28b3/5E508FB3/t51.2885-15/e35/70982208_515659119015046_3276233122117851033_n.jpg?_nc_ht=scontent-lax3-1.cdninstagram.com&_nc_cat=110,1,0.0010050251256281408,1,0.0010050251256281408,False,False,"[<meta content=""bestfood"" property=""instapp:hashtags""/>]"
"Some party PosesğŸ˜˜

A new journey from being blogger of ZomatoğŸ’œ, GoogleğŸ’š, Facebook ğŸ’™, YouTube â¤ï¸ and now on InstagramğŸ§¡â™¥ï¸ #food #fun #lifequotes #foodporn #food #delhi #delhistreetfood #foodie #youtube #zomato #google #insta #instafood #instagram 
#motivationalquotes #inspirationalquotes #inspiration #lifestyle #cheese #pj2325 #priyanka #shiri.meaw #vadiyakhana",vadiyakhana,Vadiya khana,B41nNznFd3r,1573717004,https://scontent-lax3-1.cdninstagram.com/vp/33aa2c9af918bb2d9214a456bd81a9f4/5E5C8422/t51.2885-15/e35/74404575_2463249897280529_5500639116315976035_n.jpg?_nc_ht=scontent-lax3-1.cdninstagram.com&_nc_cat=105,1,0.015873015873015872,0,0.0,False,False,"[<meta content=""fun"" property=""instapp:hashtags""/>]"
"with you everything without you there is nothing
#fun #instagramers #food #smile #pretty #followme #nature #lol #dog #hair #onedirection #sunset #swag #throwbackthursday #instagood #beach #statigram #friends #hot #funny #blue #life #art #instahub #photo #cool #pink #bestoftheday #clouds",rayma_hernandez_prieto,ğŸŒ¸RAYMA_HERNANDEZ_PRIETOğŸŒ¸,B41nNd6pn3b,1573717001,https://scontent-lax3-1.cdninstagram.com/vp/042dec621459bddbda1cf02a5061b481/5E4FD4EB/t51.2885-15/e35/73385928_149524426392521_8601895301834180238_n.jpg?_nc_ht=scontent-lax3-1.cdninstagram.com&_nc_cat=105,5,0.01644736842105263,0,0.0,False,False,"[<meta content=""instagood"" property=""instapp:hashtags""/>]"
"Itâ€™s beginning to look a lot like Christmas ğŸ„ ~

Did you read it or sing it? ğŸ˜‰ ~

These little bites of Dark chocolate ganache @callebautoz | butterscotch popcorn | mint candy canes were the perfect treat to pop into Christmas goodie bags ğŸ›ğŸ„",tartalicious_,Sydney Custom Tarts & Desserts,B41nJpOhOX7,1573716970,https://scontent-lax3-1.cdninstagram.com/vp/f3fcce68992f7c6311c4d443e64b079f/5E55918C/t51.2885-15/e35/s1080x1080/73425471_458598548118523_739359119725942206_n.jpg?_nc_ht=scontent-lax3-1.cdninstagram.com&_nc_cat=107,2,0.0009940357852882703,1,0.0004970178926441351,False,False,"[<meta content=""westernsydneydesserts"" property=""instapp:hashtags""/>]"
"Vatan sana, aÅŸkÄ±mÄ±z bana emanet askerim.. â¤ 
#vatan #devlet #asker #Ã¼lkÃ¼cÃ¼sÃ¶zler #love #TagsForLikes #TFLers #tweegram #photooftheday #20likes #amazing #smile #follow4follow #like4like #look #instalike #igers #picoftheday #food #instadaily #instafollow #followme #girl #iphoneonly #instagood #bestoftheday #instacool #instago #all_shots",alarahmett,Asker&Yaren,B41nIpkgsFq,1573716962,https://scontent-lax3-1.cdninstagram.com/vp/f69d5548978acc07312219263475bf92/5E670DE2/t51.2885-15/e35/73372122_203761973965690_3831219418558073986_n.jpg?_nc_ht=scontent-lax3-1.cdninstagram.com&_nc_cat=110,9,0.014446227929373997,0,0.0,False,False,"[<meta content=""instagood"" property=""instapp:hashtags""/>]"
"ğŸ¥ŸğŸ¥Ÿ TODAY IS THE DAY PEOPLE !!ğŸ¥ŸğŸ¥Ÿ
we're giving away trays of veggie gyoza FO FREE at all of our U.K. shops beginning at 3pm. all you have to do is show the till team member you're following us on instagram and voliÃ ! tag a friend(s) and let them know where they should be today at 3! â 
-â 
-â 
*while supplies last*â 
*not available at airport shops*",itsuofficial,itsu,B41mfDrgaW6,1573716933,https://scontent-lax3-1.cdninstagram.com/vp/ef60e9bb4c1c61f929197077f3899a0e/5DCFE115/t51.2885-15/fr/e15/s1080x1080/75523339_3192477534157277_7216054691602064189_n.jpg?_nc_ht=scontent-lax3-1.cdninstagram.com&_nc_cat=105,8,0.00018908506464345646,2,4.7271266160864116e-05,False,False,[]
"COMING SOON... â¤
Chef Chloe Ã¨ pronta per prepararvi tantissime ricette natalizie! ğŸ½ğŸ‘©ğŸ¼â€ğŸ³
SEGUITECI E DIVERTITEVI CON NOI nel periodo piÃ¹ magico dell'anno! ğŸğŸ…ğŸ„
.
.
.
#xmas #christmas #christmasmood #comingsoon #ricette #ricettenatalizie #chef #chefchloe #babychef #smile #cheflife #piccolichef #food #cheflove #chefmum #mumanddaughter #love #smile #food #cooking #delicious #homemade #foodblogger #foodpics #instachef #yummy",carmenechloe,ğ˜¾ğ™–ğ™§ğ™¢ğ™šğ™£&ğ˜¾ğ™ğ™¡ğ™¤ğ™š,B41mUEaKZ1p,1573716531,https://scontent-lax3-1.cdninstagram.com/vp/b42eaa4f38e499fe0910f06624fba8d0/5E8C8558/t51.2885-15/e35/74607468_195874878241778_1352807076119141174_n.jpg?_nc_ht=scontent-lax3-1.cdninstagram.com&_nc_cat=102,5,0.0022967386311437757,0,0.0,False,False,"[<meta content=""xmas"" property=""instapp:hashtags""/>]"
"COMING SOON... â¤
Chef Chloe Ã¨ pronta per prepararvi tantissime ricette natalizie! ğŸ½ğŸ‘©ğŸ¼â€ğŸ³
SEGUITECI E DIVERTITEVI CON NOI nel periodo piÃ¹ magico dell'anno! ğŸğŸ…ğŸ„
.
.
.
#xmas #christmas #christmasmood #comingsoon #ricette #ricettenatalizie #chef #chefchloe #babychef #smile #cheflife #piccolichef #food #cheflove #chefmum #mumanddaughter #love #smile #food #cooking #delicious #homemade #foodblogger #foodpics #instachef #yummy",carmenechloe,ğ˜¾ğ™–ğ™§ğ™¢ğ™šğ™£&ğ˜¾ğ™ğ™¡ğ™¤ğ™š,B41mS2cqBaM,1573716521,https://scontent-lax3-1.cdninstagram.com/vp/e84bfc0ad251e058bf0739d59ecd95d9/5E6A0200/t51.2885-15/e35/74982526_105522784160727_1825707379250349692_n.jpg?_nc_ht=scontent-lax3-1.cdninstagram.com&_nc_cat=103,5,0.0022967386311437757,0,0.0,False,False,"[<meta content=""homemade"" property=""instapp:hashtags""/>]"
"í•˜ê³  ì‹¶ì€ ë§ì´ ë§ì€ë° ë‚´ê°€ ê°€ì§„ ì–¸ì–´ë¡œ í‘œí˜„ ëª»í•´ ì•Œì–ì•„ ë‚´ê°€ ì¢€ ì„œíˆ´ì§€ 
#ã„ã„ã­è¿”ã—#ãƒ•ã‚©ãƒ­ãƒ¼#ãƒ•ã‚©ãƒ­ãƒ#ãƒ•ã‚©ãƒ­ãƒŸ#ç›¸äº’#ç›¸äº’ãƒ•ã‚©ãƒ­ãƒ¼#followforfollowback#likeforfollow#like4follow#likeforlikeback#foodporn#food#f4f#ootd#travel#tumblr#model#ë§íŒ”#ì„ íŒ”#ì„ íŒ”í•˜ë©´ë§íŒ”#ì¼ìƒ#íŒ”ë¡œë¯¸#ì¢‹ë°˜í…ŒëŸ¬#ì¢‹ë°˜#ì¢‹ì•„ìš”ë°˜ì‚¬#ì…€ìŠ¤íƒ€ê·¸ë¨#ì†Œí†µ#ì¸ì¹œ#ë¶€ì‚°#ì–¼ìŠ¤íƒ€ê·¸ë¨",yen._.dps,ê¹€ì˜ˆì€,B41kyKdA9vZ,1573715729,https://scontent-lax3-1.cdninstagram.com/vp/9eac2a67748ebcf8b7d0deb100485e2f/5E509B37/t51.2885-15/e35/s1080x1080/73420552_420632565491837_3679890084342189304_n.jpg?_nc_ht=scontent-lax3-1.cdninstagram.com&_nc_cat=105,26,0.25742574257425743,2,0.019801980198019802,False,False,"[<meta content=""ã„ã„ã­è¿”ã—"" property=""instapp:hashtags""/>]"
Tumbling Blueberry detail. #macro #stilllife #detail #blueberries,davidlineton,David Lineton,B41kLFGjiQG,1573715409,https://scontent-lax3-1.cdninstagram.com/vp/5ef023aa5dc9942b9a3c16f6571c7e75/5E5B5F40/t51.2885-15/fr/e15/s1080x1080/72531437_1372033136296154_1913091253336035836_n.jpg?_nc_ht=scontent-lax3-1.cdninstagram.com&_nc_cat=102,31,0.006795265234546251,1,0.00021920210434020167,False,False,"[<meta content=""detail"" property=""instapp:hashtags""/>]"
"ì¢…ë¡œë§›ì§‘, ë©˜íƒ€ì´ì½” â˜ï¸050713164199
ëŒ€í‘œë©”ë‰´ì¸ ëª…ë€ë®ë°¥ ê·¸ë¦¬ê³  í¬ë¦¼ìš°ë™,  ì¹˜í‚¨ ê°€ë¼ì•¼ê²Œê¹Œì§€ ë„ˆë¬´ ë§›ìˆì–´ì„œ ì‹¹ìŠ¬ì´ ğŸ‘…
.
.
.
.
#instadaily #f4f #l4l #follow #foodlike #foodpic #followme #likeforlikes #daily #instafood #yummy #food #ë¨¹ë°© #ë¨¹ìŠ¤íƒ€ê·¸ë¨ #ë§›ì§‘íƒë°© #ë§›ìŠ¤íƒ€ê·¸ë¨ #ë§›ì§‘ #ë§›ì§‘ì¶”ì²œ #ë¨¹ìŠ¤íƒ€ #ë¨¹ë°©ìŠ¤íƒ€ê·¸ë¨ #ì†Œí†µ #ì¸ì¹œ #ë§íŒ” #ì„ íŒ”í•˜ë©´ë§íŒ” #íŒ”ë¡œìš° #ì¢‹ì•„ìš”ë°˜ì‚¬ #ì¢‹ë°˜ #ì²«ì¤„ë°˜ì‚¬ #ì²«ì¤„ì¢‹ë°˜ #ì¼ìƒ",by._.ul,ì€ë²¼ë ¤ë¦¬,B4wo4YrFJol,1573550105,https://scontent-lax3-1.cdninstagram.com/vp/2ccc3636b5d8f47873f063991e3b6317/5E46D19C/t51.2885-15/e35/72766921_210959236568383_5272282652676738160_n.jpg?_nc_ht=scontent-lax3-1.cdninstagram.com&_nc_cat=107,958,0.13173817381738173,17,0.0023377337733773377,False,False,"[<meta content=""instafood"" property=""instapp:hashtags""/>]"
"ì¡±ë°œ ğŸ–ğŸ–ğŸ–
.
.
.
#jokbal #pork #koreanfood #instafood #foodstagram #foodie #food #ë¨¹ìŠ¤íƒ€ê·¸ë¨ #ì‹œì²­ë§›ì§‘ #ì„œìš¸ë§›ì§‘ #ë§›ì§‘",foodietaeki,Foodie Taeki,B4viR3pFaSd,1573513089,https://scontent-lax3-1.cdninstagram.com/vp/72dd036ff954bc303739a0ac767ec94e/5E5A1DDA/t51.2885-15/e35/s1080x1080/73512627_551073569051058_75938205553463179_n.jpg?_nc_ht=scontent-lax3-1.cdninstagram.com&_nc_cat=106,103,0.06745252128356254,4,0.0026195153896529143,False,False,"[<meta content=""food"" property=""instapp:hashtags""/>]"
"""Beni gÃ¶rmek demek mutlaka yÃ¼zÃ¼mÃ¼ gÃ¶rmek deÄŸildir. Benim fikirlerimi, benim duygularÄ±mÄ± anlÄ±yorsanÄ±z ve hissediyorsanÄ±z bu kafidir."" (Mustafa Kemal AtatÃ¼rk.!)
.
.
.
#love #TagsForLikes #TFLers #tweegram #photooftheday #20likes #amazing #smile #follow4follow #like4like #look #instalike #igers #picoftheday #food #instadaily #instafollow #followme #girl #iphoneonly #instagood #bestoftheday #instacool #instago #all_shots #follow #webstagram #colorful #style #swag",berkayarikannn,Berkay ArÄ±kan,B4sVrmljs9J,1573405821,https://scontent-lax3-1.cdninstagram.com/vp/a7d53edfca3bebf49d74d73a0fc054ba/5E536273/t51.2885-15/e35/74889143_152674122792749_6155307170484508369_n.jpg?_nc_ht=scontent-lax3-1.cdninstagram.com&_nc_cat=105,171,0.2602739726027397,1,0.0015220700152207,False,False,"[<meta content=""love"" property=""instapp:hashtags""/>]"
"Ğ”Ğ¾Ğ±Ñ€Ğ¾Ğ³Ğ¾ Ğ²Ñ€ĞµĞ¼ĞµĞ½Ğ¸ ÑÑƒÑ‚Ğ¾Ğº, Ğ´Ğ¾Ñ€Ğ¾Ğ³Ğ¸Ğµ Ğ´Ñ€ÑƒĞ·ÑŒÑ!
Ğ¡ĞµĞ³Ğ¾Ğ´Ğ½Ñ Ñ Ñ…Ğ¾Ñ‡Ñƒ Ñ€Ğ°ÑÑĞºĞ°Ğ·Ğ°Ñ‚ÑŒ Ğ²Ğ°Ğ¼ Ğ¾Ğ± Ğ¾Ñ‡ĞµĞ½ÑŒ Ñ…Ğ¾Ñ€Ğ¾ÑˆĞµĞ¼ Ñ„Ğ¸Ğ»ÑŒĞ¼Ğµ, ĞºĞ¾Ñ‚Ğ¾Ñ€Ñ‹Ğ¹ Ğ½Ğ°Ğ·Ñ‹Ğ²Ğ°ĞµÑ‚ÑÑ ""Ñ‡ÑƒĞ´Ğ¾"". Ğ­Ñ‚Ğ¾Ñ‚ Ñ„Ğ¸Ğ»ÑŒĞ¼ Ñ€Ğ°ÑÑĞºĞ°Ğ·Ñ‹Ğ²Ğ°ĞµÑ‚ Ğ¿Ñ€Ğ¾ Ñ€ĞµĞ±ĞµĞ½ĞºĞ° Ñ Ñ„Ğ¸Ğ·Ğ¸Ñ‡ĞµÑĞºĞ¸Ğ¼Ğ¸ Ğ½ĞµĞ´Ğ¾ÑÑ‚Ğ°Ñ‚ĞºĞ°Ğ¼Ğ¸, ĞºĞ¾Ñ‚Ğ¾Ñ€Ñ‹Ğµ Ğ¼Ğ½Ğ¾Ğ³Ğ¸Ğµ Ğ±Ñ‹ Ğ½Ğ°Ğ·Ğ²Ğ°Ğ»Ğ¸ Ğ±Ñ‹ ÑƒÑ€Ğ¾Ğ´ÑÑ‚Ğ²Ğ¾Ğ¼. Ğ­Ñ‚Ğ¾ Ğ¾Ğ¿Ñ€ĞµĞ´ĞµĞ»ĞµĞ½Ğ½Ñ‹Ğ¹ Ğ³ĞµĞ½ĞµÑ‚Ğ¸Ñ‡ĞµÑĞºĞ¸Ğ¹ ÑĞ±Ğ¾Ğ¹, Ğ¾ÑˆĞ¸Ğ±ĞºĞ° Ğ¿Ñ€Ğ¸Ñ€Ğ¾Ğ´Ñ‹. Ğ›Ğ¸Ñ†Ğ¾ Ğ¼Ğ°Ğ»ÑŒÑ‡Ğ¸ĞºĞ° Ğ²Ñ‹Ğ³Ğ»ÑĞ´Ğ¸Ñ‚ ÑĞ¾Ğ²ÑĞµĞ¼ Ğ½Ğµ Ñ‚Ğ°Ğº ĞºĞ°Ğº Ñƒ ĞµĞ³Ğ¾ ÑĞ²ĞµÑ€ÑÑ‚Ğ½Ğ¸ĞºĞ¾Ğ², Ğ¾Ğ½Ğ¾ Ğ¸Ğ·ÑƒÑ€Ğ¾Ğ´Ğ¾Ğ²Ğ°Ğ½Ğ¾ ÑˆÑ€Ğ°Ğ¼Ğ°Ğ¼Ğ¸ Ğ¸ Ğ¿Ğ¾Ğ¿Ñ‹Ñ‚ĞºĞ°Ğ¼Ğ¸ Ğ¿Ğ»Ğ°ÑÑ‚Ğ¸Ñ‡ĞµÑĞºĞ¸Ñ… Ğ¾Ğ¿ĞµÑ€Ğ°Ñ†Ğ¸Ğ¹ ÑĞ´ĞµĞ»Ğ°Ñ‚ÑŒ ĞºÑ€Ğ°ÑĞ¸Ğ²Ñ‹Ğ¼, Ğ½Ğ¾Ñ€Ğ¼Ğ°Ğ»ÑŒĞ½Ñ‹Ğ¼.
ĞĞ¾ Ñ„Ğ¸Ğ»ÑŒĞ¼ Ğ½Ğ°Ğ¼ Ñ€Ğ°ÑÑĞºĞ°Ğ·Ñ‹Ğ²Ğ°ĞµÑ‚ Ğ½Ğµ Ğ¾Ğ± Ğ¾Ğ¿ĞµÑ€Ğ°Ñ†Ğ¸ÑÑ… Ğ¸ Ğ±Ğ¾Ğ»ÑŒĞ½Ğ¸Ñ†Ğ°Ñ…, Ğ° Ğ¾ ÑĞ°Ğ¼Ğ¾Ğ¼ ÑĞ»Ğ¾Ğ¶Ğ½Ğ¾Ğ¼ Ğ² Ğ¼Ğ¾Ñ€Ğ°Ğ»ÑŒĞ½Ğ¾Ğ¼ Ğ¿Ğ»Ğ°Ğ½Ğµ Ğ² ÑÑ‚Ğ¾Ğ¹ ÑĞ¸Ñ‚ÑƒĞ°Ñ†Ğ¸Ğ¸ - Ğ¿Ğ¾Ğ¿Ñ‹Ñ‚ĞºĞ°Ñ… Ğ¼Ğ°Ğ»ÑŒÑ‡Ğ¸ĞºĞ° ĞºĞ°Ğº-Ñ‚Ğ¾ ÑĞ¾Ñ†Ğ¸Ğ°Ğ»Ğ¸Ğ·Ğ¸Ñ€Ğ¾Ğ²Ğ°Ñ‚ÑŒÑÑ, Ğ½Ğ°Ğ¹Ñ‚Ğ¸ Ğ´Ñ€ÑƒĞ·ĞµĞ¹. Ğ˜Ğ¼ĞµĞ½Ğ½Ğ¾ Ğ±Ğ»Ğ°Ğ³Ğ¾Ğ´Ğ°Ñ€Ñ Ñ‚Ğ°ĞºĞ¾Ğ¼Ñƒ Ñ‡ĞµĞ»Ğ¾Ğ²ĞµĞºÑƒ Ğ»ÑĞ´Ğ¸ Ñ€Ğ°ÑĞºÑ€Ñ‹Ğ²Ğ°ÑÑ‚ÑÑ Ñ Ğ´Ğ¾Ğ²Ğ¾Ğ»ÑŒĞ½Ğ¾ Ğ½ĞµĞ¾Ğ¶Ğ¸Ğ´Ğ°Ğ½Ğ½Ñ‹Ñ… Ğ´Ğ»Ñ ÑĞµĞ±Ñ ÑÑ‚Ğ¾Ñ€Ğ¾Ğ½. Ğ”ÑƒĞ¼Ğ°Ñ, Ñ‡Ñ‚Ğ¾ Ğ¼Ğ½Ğ¾Ğ³Ğ¸Ğµ Ğ¿ĞµÑ€ÑĞ¾Ğ½Ğ°Ğ¶Ğ¸ Ğ²Ğ°Ñ ÑƒĞ´Ğ¸Ğ²ÑÑ‚.
ĞÑ‡ĞµĞ½ÑŒ Ğ¿Ğ¾Ğ½Ñ€Ğ°Ğ²Ğ¸Ğ»Ğ¾ÑÑŒ ĞºĞ°Ğº Ğ¸Ğ³Ñ€Ğ°ĞµÑ‚ Ğ”Ğ¶ÑƒĞ»Ğ¸Ñ Ğ Ğ¾Ğ±ĞµÑ€Ñ‚Ñ ( Ğ²ÑĞµĞ¼ Ğ¸Ğ·Ğ²ĞµÑÑ‚Ğ½Ğ° Ğ¿Ğ¾ Ñ„Ğ¸Ğ»ÑŒĞ¼Ñƒ ĞšÑ€Ğ°ÑĞ¾Ñ‚ĞºĞ°) ,Ğ¾Ğ½Ğ° ÑƒĞ¶Ğµ Ğ½Ğµ Ñ‚Ğ°Ğº Ğ¼Ğ¾Ğ»Ğ¾Ğ´Ğ°, Ğ½Ğ¾ Ğ²ÑÑ‘ ĞµÑ‰Ñ‘ Ğ¾Ñ‡Ğ°Ñ€Ğ¾Ğ²Ğ°Ñ‚ĞµĞ»ÑŒĞ½Ğ° Ğ¸ Ñ…Ğ°Ñ€Ğ¸Ğ·Ğ¼Ğ°Ñ‚Ğ¸Ñ‡Ğ½Ğ°. Ğ’ ÑÑ‚Ğ¾Ğ¼ Ñ„Ğ¸Ğ»ÑŒĞ¼Ğµ Ğ¿Ğ»ÑÑ Ğ² Ñ‚Ğ¾Ğ¼ Ñ‡Ñ‚Ğ¾ Ğ´Ğ°Ğ¶Ğµ Ğ´ĞµÑ‚Ğ¸ Ğ¸Ğ³Ñ€Ğ°ÑÑ‚ Ğ¾Ñ‡ĞµĞ½ÑŒ Ñ…Ğ¾Ñ€Ğ¾ÑˆĞ¾.
ĞŸĞ»ÑÑ Ñ„Ğ¸Ğ»ÑŒĞ¼ ĞºÑ€Ğ°ÑĞ¸Ğ²Ğ¾ Ğ¸ Ğ¸Ğ½Ñ‚ĞµÑ€ĞµÑĞ½Ğ¾ ÑĞ½ÑÑ‚, Ğ¾ÑĞ¾Ğ±ĞµĞ½Ğ½Ğ¾ Ğ¼Ğ½Ğµ Ğ¿Ğ¾Ğ½Ñ€Ğ°Ğ²Ğ¸Ğ»Ğ¸ÑÑŒ Ğ²ÑÑ‚Ğ°Ğ²ĞºĞ¸ Ñ Ğ³ĞµÑ€Ğ¾ÑĞ¼Ğ¸ Ğ—Ğ²ĞµĞ·Ğ´Ğ½Ñ‹Ñ… Ğ²Ğ¾Ğ¹Ğ½.
Ğ•ÑĞ»Ğ¸ Ğ²Ñ‹ ÑĞµĞ½Ñ‚Ğ¸Ğ¼ĞµĞ½Ñ‚Ğ°Ğ»ÑŒĞ½Ñ‹, Ñ‚Ğ¾ Ğ¿Ñ€Ğ¸Ğ³Ğ¾Ñ‚Ğ¾Ğ²ÑŒÑ‚Ğµ Ğ¿Ğ»Ğ°Ñ‚Ğ¾Ñ‡ĞºĞ¸.",review_by_andrew,Ğ§Ğ¢Ğ ĞŸĞĞ¡ĞœĞĞ¢Ğ Ğ•Ğ¢Ğ¬,B4fy3sqAWHg,1572984917,https://scontent-lax3-1.cdninstagram.com/vp/4a9113edbed68d0d68278d45d5f7bde1/5E563FE8/t51.2885-15/e35/73385904_974185886276484_7953274739389223578_n.jpg?_nc_ht=scontent-lax3-1.cdninstagram.com&_nc_cat=100,44,0.07236842105263158,6,0.009868421052631578,False,False,"[<meta content=""look"" property=""instapp:hashtags""/>]"
"Ğ”Ğ°Ğ²Ğ½Ğ¾ Ñ Ğ½Ğµ Ğ²Ğ¸Ğ´ĞµĞ» Ñ‚Ğ°ĞºĞ¾Ğ¹ Ğ´Ğ¾Ğ±Ñ€Ğ¾Ğ¹ ĞºĞ¾Ğ¼ĞµĞ´Ğ¸Ğ¸. Ğ¤Ğ¸Ğ»ÑŒĞ¼ Ğ¿Ñ€Ğ¸Ğ²Ğ»ĞµĞºĞ°ĞµÑ‚ ÑĞ²Ğ¾ĞµĞ¹ Ñ‚ĞµĞ¿Ğ»Ğ¾Ñ‚Ğ¾Ğ¹ Ğ¸ ÑƒÑÑ‚Ğ½Ğ¾ÑÑ‚ÑŒÑ Ñ‚Ğ¸Ñ…Ğ¾Ğ¹ Ğ³Ğ°Ğ²Ğ°Ğ½Ğ¸. Ğ–Ğ¸Ğ·Ğ½ÑŒ, ĞºĞ¾Ñ‚Ğ¾Ñ€Ğ¾Ğ¹ Ğ¶Ğ¸Ğ²ÑƒÑ‚ Ğ²ÑĞµ Ğ»ÑĞ´Ğ¸ Ğ² ÑÑ‚Ğ¾Ğ¹ Ğ³Ğ°Ğ²Ğ°Ğ½Ğ¸, Ğ½Ğ°Ğ¿Ğ¾Ğ»Ğ½ĞµĞ½Ğ° Ğ²ÑĞµ Ğ¾Ğ±Ñ‰Ğ¸Ğ¼ ÑƒĞ¼Ğ¸Ñ€Ğ¾Ñ‚Ğ²Ğ¾Ñ€ĞµĞ½Ğ¸ĞµĞ¼, Ğ»ÑĞ±Ğ¾Ğ²ÑŒÑ Ğº ÑĞ²Ğ¾ĞµĞ¼Ñƒ Ñ€Ğ¾Ğ´Ğ½Ğ¾Ğ¼Ñƒ Ğ¼ĞµÑÑ‚Ñƒ, ÑĞ¿Ğ»Ğ¾Ñ‡ĞµĞ½Ğ½Ğ¾ÑÑ‚ÑŒÑ Ğº Ğ¾Ğ±Ñ‰Ğ¸Ğ¼ Ğ¸Ğ½Ñ‚ĞµÑ€ĞµÑĞ°Ğ¼. Ğ£ Ğ¶Ğ¸Ñ‚ĞµĞ»ĞµĞ¹ ÑÑ‚Ğ¾Ğ³Ğ¾ Ğ¿Ñ€ĞµĞºÑ€Ğ°ÑĞ½Ğ¾Ğ³Ğ¾ Ğ¼Ğ°Ğ»ĞµĞ½ÑŒĞºĞ¾Ğ³Ğ¾ Ğ³Ğ¾Ñ€Ğ¾Ğ´ĞºĞ°, ĞµÑÑ‚ÑŒ Ğ¿Ñ€ĞµĞºÑ€Ğ°ÑĞ½Ğ°Ñ Ñ†ĞµĞ»ÑŒ ÑĞ¿Ğ°ÑÑ‚Ğ¸ ÑĞ²Ğ¾Ğ¹ Ğ³Ğ¾Ñ€Ğ¾Ğ´ Ğ¾Ñ‚ Ğ±ĞµĞ·Ñ€Ğ°Ğ±Ğ¾Ñ‚Ğ¸Ñ†Ñ‹ Ğ¸ Ğ¾Ñ‚ Ğ²Ñ‹Ğ¼Ğ¸Ñ€Ğ°Ğ½Ğ¸Ñ. ĞœÑÑ€, Ğ² Ğ¸ÑĞ¿Ğ¾Ğ»Ğ½ĞµĞ½Ğ¸Ğ¸ Ğ‘Ñ€ĞµĞ½Ğ´Ğ°Ğ½Ğ° Ğ“Ğ¸Ğ»ÑĞ¾Ğ½Ğ°, Ğ² Ğ¼ĞµÑÑ‚Ğµ ÑĞ¾ Ğ²ÑĞµĞ¼Ğ¸ Ğ¶Ğ¸Ñ‚ĞµĞ»ÑĞ¼Ğ¸ Ğ½Ğ°Ğ¼ĞµÑ€ĞµĞ½Ñ‹ Ğ¸Ğ·Ğ¼ĞµĞ½Ğ¸Ñ‚ÑŒ, Ñ…Ğ¾Ğ´ ÑĞ¾Ğ±Ñ‹Ñ‚Ğ¸Ğ¹ Ğ¸ Ğ²ĞµÑ€Ğ½ÑƒÑ‚ÑŒ ÑĞ²Ğ¾Ğ¹ Ğ³Ğ¾Ñ€Ğ¾Ğ´ Ğ½Ğ° Ğ¿ÑƒÑ‚ÑŒ Ğ¿Ñ€Ğ¾Ñ†Ğ²ĞµÑ‚Ğ°Ğ½Ğ¸Ñ. Ğ”Ğ»Ñ ÑÑ‚Ğ¾Ğ³Ğ¾ Ğ¾Ğ½Ğ¸ Ğ½Ğ°Ğ¼ĞµÑ€ĞµĞ½Ñ‹ Ğ·Ğ°ĞºĞ»ÑÑ‡Ğ¸Ñ‚ÑŒ Ğ´Ğ¾Ğ³Ğ¾Ğ²Ğ¾Ñ€ Ñ Ğ½ĞµÑ„Ñ‚ĞµĞ´Ğ¾Ğ±Ñ‹Ğ²Ğ°ÑÑ‰ĞµĞ¹ ĞºĞ¾Ñ€Ğ¿Ğ¾Ñ€Ğ°Ñ†Ğ¸ĞµĞ¹, Ğ¿Ğ¾ÑÑ‚Ñ€Ğ¾Ğ¸Ğ² Ğ·Ğ°Ğ²Ğ¾Ğ´, ĞºĞ¾Ñ€Ğ¿Ğ¾Ñ€Ğ°Ñ†Ğ¸Ñ Ğ¿Ğ¾Ğ¼Ğ¾Ğ¶ĞµÑ‚ Ğ²ĞµÑ€Ğ½ÑƒÑ‚ÑŒ Ğ½Ğ°ÑˆĞµĞ¹ Ñ‚Ğ¸Ñ…Ğ¾Ğ¹ Ğ³Ğ°Ğ²Ğ°Ğ½Ğ¸, Ğ±ÑƒĞ´ÑƒÑ‰ĞµĞµ Ğ² ĞºĞ¾Ñ‚Ğ¾Ñ€Ğ¾Ğ¼, Ğ»ÑĞ´Ğ¸ ÑĞ¼Ğ¾Ğ³ÑƒÑ‚ Ğ½Ğµ Ğ²Ñ‹Ğ¶Ğ¸Ğ²Ğ°Ñ‚ÑŒ, Ğ° Ğ¶Ğ¸Ñ‚ÑŒ, Ñ€Ğ°ÑÑ‚Ğ¸Ñ‚ÑŒ Ğ´ĞµÑ‚ĞµĞ¹, Ñ€Ğ°Ğ±Ğ¾Ñ‚Ğ°Ñ‚ÑŒ Ğ¾Ñ‚Ğ´Ñ‹Ñ…Ğ°Ñ‚ÑŒâ€¦ 
ĞĞµ ÑĞ¼Ğ¾Ñ‚Ñ€Ñ Ğ½Ğ° Ñ‚Ğ¾ Ñ‡Ñ‚Ğ¾ Ğ¶Ğ¸Ğ·Ğ½ÑŒ Ğ² ÑÑ‚Ğ¾Ğ¼ Ğ³Ğ¾Ñ€Ğ¾Ğ´ĞºĞµ Ñ‚ĞµÑ‡ĞµÑ‚ ÑĞ²Ğ¾Ğ¸Ğ¼ Ğ½Ğµ ÑĞ¿ĞµÑˆĞ½Ñ‹Ğ¼ Ñ‡ĞµÑ€ĞµĞ´Ğ¾Ğ¼, Ğ½Ğ°ÑˆĞ° Ğ³Ğ¸Ğ³Ğ°Ğ½Ñ‚ÑĞºĞ°Ñ ÑĞµĞ¼ÑŒÑ Ğ¸Ğ· 120 Ñ‡ĞµĞ»Ğ¾Ğ²ĞµĞº Ğ¿Ğ¾Ğ»ÑƒÑ‡Ğ°ĞµÑ‚, Ğ½Ğµ ÑÑ‡Ğ¸Ñ‚Ğ°Ñ Ñ€Ğ°Ğ±Ğ¾Ñ‚Ñ‹, Ğ²ÑĞµ Ñ‡Ñ‚Ğ¾ Ğ¸Ğ¼ Ğ½ÑƒĞ¶Ğ½Ğ¾, Ñƒ Ğ½Ğ¸Ñ… ĞµÑÑ‚ÑŒ Ñ€Ğ°Ğ·Ğ´ĞµĞ»ÑĞµĞ¼Ğ°Ñ Ğ²ÑĞµĞ¼Ğ¸ Ğ»ÑĞ±Ğ¾Ğ²ÑŒ Ğº Ñ…Ğ¾ĞºĞºĞµÑ, Ğ¾Ğ±Ñ‰Ğ°Ñ ÑÑ‚Ñ€Ğ°ÑÑ‚ÑŒ Ñ€Ñ‹Ğ±Ğ°Ğ»ĞºĞ°, ÑĞ²Ğ»ÑÑÑ‰Ğ°ÑÑÑ Ğ²Ğ¾Ğ·Ğ¼Ğ¾Ğ¶Ğ½Ğ¾ÑÑ‚ÑŒ Ğ²Ñ‹Ğ¶Ğ¸Ñ‚ÑŒ, Ğ² Ğ¾Ñ‚ÑÑƒÑ‚ÑÑ‚Ğ²Ğ¸Ğµ Ñ€Ğ°Ğ±Ğ¾Ñ‚Ñ‹. Ğ˜Ğ¼ Ğ¿Ñ€Ğ¸Ğ´ĞµÑ‚ÑÑ Ğ²ÑĞµĞ¼ ÑÑ‚Ğ¾ Ğ¸Ğ·Ğ¼ĞµĞ½Ğ¸Ñ‚ÑŒ, Ğ²ĞµĞ´ÑŒ Ğ¸Ğ¼ Ğ½ÑƒĞ¶ĞµĞ½ Ğ²Ñ€Ğ°Ñ‡, Ñ‡Ñ‚Ğ¾ Ğ±Ñ‹ Ğ·Ğ°Ğ¿Ğ¾Ğ»ÑƒÑ‡Ğ¸Ñ‚ÑŒ Ğ·Ğ°Ğ²Ğ¾Ğ´. Ğ Ğ²Ñ€Ğ°Ñ‡, Ğ² Ğ¸ÑĞ¿Ğ¾Ğ»Ğ½ĞµĞ½Ğ¸Ğ¸ Ğ¢ĞµĞ¹Ğ»Ğ¾Ñ€Ğ° ĞšĞ¸Ñ‚Ñ‡Ğ°, ÑĞ¾Ğ²ĞµÑ€ÑˆĞµĞ½Ğ½Ğ¾ Ğ´Ñ€ÑƒĞ³Ğ¾Ğ¹ Ñ‡ĞµĞ»Ğ¾Ğ²ĞµĞº, Ğ¾Ğ½ Ğ»ÑĞ±Ğ¸Ñ‚ ĞºÑ€Ğ¸ĞºĞµÑ‚, Ğ»ÑĞ±Ğ¸Ñ‚ Ğ³Ğ¾Ñ€Ğ¾Ğ´ÑĞºÑƒÑ Ğ¶Ğ¸Ğ·Ğ½ÑŒ, Ğ¸ ĞºĞ°Ğº Ğ²ÑĞµ Ğ² Ğ³Ğ¾Ñ€Ğ¾Ğ´ĞºĞµ ÑÑ‡Ğ¸Ñ‚Ğ°ÑÑ‚ Ñƒ Ğ½ĞµĞ³Ğ¾ Ğ½Ğ°Ñ€ĞºĞ¾Ñ‚Ğ¸Ñ‡ĞµÑĞºĞ°Ñ Ğ·Ğ°Ğ²Ğ¸ÑĞ¸Ğ¼Ğ¾ÑÑ‚ÑŒ.

Ğ’ Ñ„Ğ¸Ğ»ÑŒĞ¼Ğµ Ğ² Ğ¸Ğ·Ğ¾Ğ±Ğ¸Ğ»Ğ¸Ğµ Ğ¿Ñ€ĞµĞ´ÑÑ‚Ğ°Ğ²Ğ»ĞµĞ½, ÑĞ¼Ğ¾Ñ€ Ğ¿Ñ€ĞµĞ¾Ğ±Ğ»Ğ°Ğ´Ğ°Ğ²ÑˆĞ¸Ğ¹ Ğ² Ğ±Ğ¾Ğ»ÑŒÑˆĞµĞ¹ Ñ‡Ğ°ÑÑ‚Ğ¸ ÑĞ¾Ğ²ĞµÑ‚ÑĞºĞ¸Ğ¼ ĞºĞ¾Ğ¼ĞµĞ´Ğ¸ÑĞ¼, Ğ¿Ñ€Ğ¸ÑÑ‚Ğ½Ğ¾Ğ¹ Ğ½ĞµĞ¾Ğ¶Ğ¸Ğ´Ğ°Ğ½Ğ½Ğ¾ÑÑ‚ÑŒÑ Ğ±Ñ‹Ğ»Ğ¾ Ğ½Ğ°Ğ¹Ñ‚Ğ¸ ĞµĞ³Ğ¾ Ğ² ÑÑ‚Ğ¾Ğ¹ ĞºĞ°Ñ€Ñ‚Ğ¸Ğ½Ğµ. Ğ­Ğ¿Ğ¸Ğ·Ğ¾Ğ´ Ñ Ñ€Ñ‹Ğ±Ğ°Ğ»ĞºĞ¾Ğ¹ Ğ¼Ğ¾Ğ»Ğ¾Ğ´Ğ¾Ğ³Ğ¾ Ğ²Ñ€Ğ°Ñ‡Ğ°, Ğ½Ğ°Ğ¿Ğ¾Ğ¼Ğ¸Ğ½Ğ°ĞµÑ‚ Ğ²ĞµĞ»Ğ¸ĞºĞ¾Ğ»ĞµĞ¿Ğ½Ñ‹Ğ¹ Ñ„Ñ€Ğ°Ğ³Ğ¼ĞµĞ½Ñ‚ Ñ„Ğ¸Ğ»ÑŒĞ¼Ğ° Â«Ğ‘Ñ€Ğ¸Ğ»Ğ»Ğ¸Ğ°Ğ½Ñ‚Ğ¾Ğ²Ğ°Ñ Ñ€ÑƒĞºĞ°Â», Ñ ĞºĞ»ĞµĞ²Ğ¾Ğ¼ Ğ¡ĞµĞ½Ğ¸. Ğ¤Ğ¸Ğ»ÑŒĞ¼ ÑĞ¾Ğ²ĞµÑ‚ÑƒÑ ÑĞ¼Ğ¾Ñ‚Ñ€ĞµÑ‚ÑŒ Ğ±ĞµĞ· Ğ¸ÑĞºĞ»ÑÑ‡ĞµĞ½Ğ¸Ñ Ğ²ÑĞµĞ¼.",review_by_andrew,Ğ§Ğ¢Ğ ĞŸĞĞ¡ĞœĞĞ¢Ğ Ğ•Ğ¢Ğ¬,B4fMb9Hped4,1572964767,https://scontent-lax3-1.cdninstagram.com/vp/b73e77514d0b194dcc4b31ad17a75f70/5E6718C0/t51.2885-15/e35/74658478_181061559734061_265759513061899888_n.jpg?_nc_ht=scontent-lax3-1.cdninstagram.com&_nc_cat=109,43,0.07072368421052631,2,0.003289473684210526,False,False,"[<meta content=""20likes"" property=""instapp:hashtags""/>]"
#photooftheday#party#likeforlike#portrait#black#amazing#business#instamood#photographer#smile#outfit#adventure#photoshoot#TBT#girl#City#friends#food#like#fall#blogger#handmade#workout#vscocam#nofilter#fitfam#blue#motivation#video#funny,giada_savastano,,B1YzC71Hem6,1566307677,https://scontent-lax3-1.cdninstagram.com/vp/8b52df44e16f6808fbac2b64f9da29f2/5E88564E/t51.2885-15/e35/p1080x1080/67299104_705239253236383_4337668367005964605_n.jpg?_nc_ht=scontent-lax3-1.cdninstagram.com&_nc_cat=107,156,0.16473072861668428,8,0.008447729672650475,False,False,"[<meta content=""business"" property=""instapp:hashtags""/>]"
"La vida es corta vivela, y si la vives a lado de alguien especial pues mucho mejor â¤â¤",alex_herrera92,Alexander Herrera,Bl4Ta5KBxlc,1533005100,https://scontent-lax3-1.cdninstagram.com/vp/0faa38a37eafa603e8f124024e0d88ab/5E5EAF3C/t51.2885-15/e35/37592045_2060836087320339_5110126696934146048_n.jpg?_nc_ht=scontent-lax3-1.cdninstagram.com&_nc_cat=103,13,0.018005540166204988,4,0.00554016620498615,False,False,"[<meta content=""photooftheday"" property=""instapp:hashtags""/>]"
