imgUrl,likeRatio
https://scontent-lax3-1.cdninstagram.com/vp/c20c6f168404a0bd02de92b5881cc687/5E8986F6/t51.2885-15/e35/s1080x1080/75214727_571269867011740_8927103007733548608_n.jpg?_nc_ht=scontent-lax3-1.cdninstagram.com&_nc_cat=1, 0.029353323
https://scontent-lax3-1.cdninstagram.com/vp/027fcc93e3a5cb61d09f4ddb38e29728/5E45A08C/t51.2885-15/e35/77142115_187946632244896_7212567469376681102_n.jpg?_nc_ht=scontent-lax3-1.cdninstagram.com&_nc_cat=1, 0.015759281
https://scontent-lax3-1.cdninstagram.com/vp/7e3a79e27244e0a8857391f081ce94a1/5DD0221E/t51.2885-15/e35/70538708_414610762511798_3360238043067151580_n.jpg?_nc_ht=scontent-lax3-1.cdninstagram.com&_nc_cat=1, 0.020418686
https://scontent-lax3-1.cdninstagram.com/vp/cda1ccecc0462ab7a9314a28e5abefac/5E8948DB/t51.2885-15/e35/p1080x1080/75272175_170961977436653_969781767890302568_n.jpg?_nc_ht=scontent-lax3-1.cdninstagram.com&_nc_cat=1, 0.016513103
https://scontent-lax3-1.cdninstagram.com/vp/2a3851239fdb5d14300d8794a6502af1/5E4E6620/t51.2885-15/e35/75207304_2624215617663260_1864591733712127357_n.jpg?_nc_ht=scontent-lax3-1.cdninstagram.com&_nc_cat=1, 0.003558198
https://scontent-lax3-1.cdninstagram.com/vp/ee9670e8f0b5a355fac35c5e1e80efd5/5E59E59E/t51.2885-15/e35/s1080x1080/76969126_2414021172143874_4002347755738170435_n.jpg?_nc_ht=scontent-lax3-1.cdninstagram.com&_nc_cat=106, 0.013769029
https://scontent-lax3-1.cdninstagram.com/vp/df6f3cc3d0d6ddb6c693565d844fa944/5E679FB6/t51.2885-15/e35/p1080x1080/75081159_1033499273659414_1796257772111298358_n.jpg?_nc_ht=scontent-lax3-1.cdninstagram.com&_nc_cat=1, 0.006083803
https://scontent-lax3-1.cdninstagram.com/vp/7bb6817a3ba152bbb29ec85397848c95/5E53F4C4/t51.2885-15/e35/73387421_726037651195729_923815933854477899_n.jpg?_nc_ht=scontent-lax3-1.cdninstagram.com&_nc_cat=101, 0.004775723
https://scontent-lax3-1.cdninstagram.com/vp/5e961bb77955d0e85e8d1dc3967c44b4/5E4C366F/t51.2885-15/e35/73036930_159964825097203_8864278310452926985_n.jpg?_nc_ht=scontent-lax3-1.cdninstagram.com&_nc_cat=107, 0.000466709
https://scontent-lax3-1.cdninstagram.com/vp/df6f3cc3d0d6ddb6c693565d844fa944/5E679FB6/t51.2885-15/e35/p1080x1080/75081159_1033499273659414_1796257772111298358_n.jpg?_nc_ht=scontent-lax3-1.cdninstagram.com&_nc_cat=1, 0.006083803
https://scontent-lax3-1.cdninstagram.com/vp/ccb5dce1f57aa622fa0b3729b2191ec6/5E529197/t51.2885-15/e35/p1080x1080/72532933_2529472720464347_3799466885529064546_n.jpg?_nc_ht=scontent-lax3-1.cdninstagram.com&_nc_cat=1, 0.008424898
https://scontent-lax3-1.cdninstagram.com/vp/438910015309920ea660568762556c9c/5E5AED3B/t51.2885-15/e35/p1080x1080/73038327_479880115944833_5356528305701056201_n.jpg?_nc_ht=scontent-lax3-1.cdninstagram.com&_nc_cat=1, 0.011916286
https://scontent-lax3-1.cdninstagram.com/vp/5b90420afe3db5fa9390c5e5a408998b/5E4D3AAD/t51.2885-15/e35/p1080x1080/74655048_564275704341038_4519918520959573418_n.jpg?_nc_ht=scontent-lax3-1.cdninstagram.com&_nc_cat=1, 0.003407341
https://scontent-lax3-1.cdninstagram.com/vp/7eb0f5efd122d27d0cdad6dc879a4061/5E5A2DCA/t51.2885-15/e35/p1080x1080/73185595_480337966200082_3066858867755810601_n.jpg?_nc_ht=scontent-lax3-1.cdninstagram.com&_nc_cat=110, 0.066609504
https://scontent-lax3-1.cdninstagram.com/vp/bdd81707de2abff34ae8b54ee6616813/5E471257/t51.2885-15/e35/p1080x1080/75412653_169055277621932_6958465051500250320_n.jpg?_nc_ht=scontent-lax3-1.cdninstagram.com&_nc_cat=108, 0.00779787
https://scontent-lax3-1.cdninstagram.com/vp/f308d63f4fe889216d2dbc5e4a4dadc8/5DD0AF47/t51.2885-15/e35/71668636_100477008066511_2974238939259766293_n.jpg?_nc_ht=scontent-lax3-1.cdninstagram.com&_nc_cat=1, 0.033747399
https://scontent-lax3-1.cdninstagram.com/vp/868d53db791b4974d446c73d08b76967/5DD13429/t51.2885-15/e35/75554010_150825269638418_1443843564698856797_n.jpg?_nc_ht=scontent-lax3-1.cdninstagram.com&_nc_cat=1, 0.129178917
https://scontent-lax3-1.cdninstagram.com/vp/c35b3203b46ed710a86b5adcc7c41de6/5E6C0488/t51.2885-15/e35/p1080x1080/72270986_108727867124249_4573755046494229536_n.jpg?_nc_ht=scontent-lax3-1.cdninstagram.com&_nc_cat=105, 0.005787658
https://scontent-lax3-1.cdninstagram.com/vp/c20c6f168404a0bd02de92b5881cc687/5E8986F6/t51.2885-15/e35/s1080x1080/75214727_571269867011740_8927103007733548608_n.jpg?_nc_ht=scontent-lax3-1.cdninstagram.com&_nc_cat=1, 0.02936557
https://scontent-lax3-1.cdninstagram.com/vp/101c526600f7a45f5bb44c825c6d74a0/5E8C51A7/t51.2885-15/e35/75244448_167169317815971_5936357895454675416_n.jpg?_nc_ht=scontent-lax3-1.cdninstagram.com&_nc_cat=1, 0.003604025
https://scontent-lax3-1.cdninstagram.com/vp/6646fdff288ad7780cd9193b40d5048a/5E48CD70/t51.2885-15/e35/p1080x1080/74385177_709054072935616_2509316574056366346_n.jpg?_nc_ht=scontent-lax3-1.cdninstagram.com&_nc_cat=1, 0.004535196
https://scontent-lax3-1.cdninstagram.com/vp/01be6d61f592adf50a9dc7ee3fbaaafb/5E4755AB/t51.2885-15/e35/73512720_455172748528843_4010679595705757256_n.jpg?_nc_ht=scontent-lax3-1.cdninstagram.com&_nc_cat=1, 0.069650033
https://scontent-lax3-1.cdninstagram.com/vp/48edcbfaa72e2a69f574fe541ea17365/5E549964/t51.2885-15/e35/s1080x1080/71032421_199136331116262_5353943234042590676_n.jpg?_nc_ht=scontent-lax3-1.cdninstagram.com&_nc_cat=106, 0.003993464
https://scontent-lax3-1.cdninstagram.com/vp/ee3be9d3b0ed1f3762c318fe98e688ff/5E54475D/t51.2885-15/e35/70150604_198915517782112_8227836313476999392_n.jpg?_nc_ht=scontent-lax3-1.cdninstagram.com&_nc_cat=104, 0.015230241
https://scontent-lax3-1.cdninstagram.com/vp/ab22848c24211f3ea98520d2083ddc35/5E51140B/t51.2885-15/fr/e15/s1080x1080/76862862_168837017652623_1620757368102582942_n.jpg?_nc_ht=scontent-lax3-1.cdninstagram.com&_nc_cat=1, 0.009070592
https://scontent-lax3-1.cdninstagram.com/vp/cda1ccecc0462ab7a9314a28e5abefac/5E8948DB/t51.2885-15/e35/p1080x1080/75272175_170961977436653_969781767890302568_n.jpg?_nc_ht=scontent-lax3-1.cdninstagram.com&_nc_cat=1, 0.016559126
https://scontent-lax3-1.cdninstagram.com/vp/f85f8eeb4f307e9a378653c48f6ff271/5E6A6AF7/t51.2885-15/e35/s1080x1080/72158199_3707169349296970_8336663858767084706_n.jpg?_nc_ht=scontent-lax3-1.cdninstagram.com&_nc_cat=1, 0.012315609
https://scontent-lax3-1.cdninstagram.com/vp/2a3851239fdb5d14300d8794a6502af1/5E4E6620/t51.2885-15/e35/75207304_2624215617663260_1864591733712127357_n.jpg?_nc_ht=scontent-lax3-1.cdninstagram.com&_nc_cat=1, 0.003566643
https://scontent-lax3-1.cdninstagram.com/vp/13f1702aefd24fec0463d95636207c8b/5E4928FD/t51.2885-15/e35/p1080x1080/72184068_544157363045163_2587617256369628460_n.jpg?_nc_ht=scontent-lax3-1.cdninstagram.com&_nc_cat=1, 0.007183957
https://scontent-lax3-1.cdninstagram.com/vp/f85f8eeb4f307e9a378653c48f6ff271/5E6A6AF7/t51.2885-15/e35/s1080x1080/72158199_3707169349296970_8336663858767084706_n.jpg?_nc_ht=scontent-lax3-1.cdninstagram.com&_nc_cat=1, 0.012315609
https://scontent-lax3-1.cdninstagram.com/vp/027fcc93e3a5cb61d09f4ddb38e29728/5E45A08C/t51.2885-15/e35/77142115_187946632244896_7212567469376681102_n.jpg?_nc_ht=scontent-lax3-1.cdninstagram.com&_nc_cat=1, 0.015794128
https://scontent-lax3-1.cdninstagram.com/vp/d14edfb12ef1d6d494346a5ae14a74c8/5E4C2B94/t51.2885-15/e35/p1080x1080/75252641_2433915673528810_1809823480255806972_n.jpg?_nc_ht=scontent-lax3-1.cdninstagram.com&_nc_cat=110, 0.004138744
https://scontent-lax3-1.cdninstagram.com/vp/08de6752db195ce553e9fd30f8fb0b6c/5E49AF86/t51.2885-15/e35/s1080x1080/71066568_184705299333783_469056478426488928_n.jpg?_nc_ht=scontent-lax3-1.cdninstagram.com&_nc_cat=103, 0.038486807
https://scontent-lax3-1.cdninstagram.com/vp/1aecc044d9f95264f961ffc71682da9b/5E561505/t51.2885-15/e35/p1080x1080/75601601_178721549977736_6817657924890340984_n.jpg?_nc_ht=scontent-lax3-1.cdninstagram.com&_nc_cat=1, 0.016434219
https://scontent-lax3-1.cdninstagram.com/vp/5ba1421dfc21f59193ff064116f92adc/5E57DB11/t51.2885-15/e35/p1080x1080/73113573_117816199664318_8600954658600910947_n.jpg?_nc_ht=scontent-lax3-1.cdninstagram.com&_nc_cat=102, 0.001738705
https://scontent-lax3-1.cdninstagram.com/vp/183d4096b65224e21fa917d72375703f/5DD117D5/t51.2885-15/e35/72652846_100440221404318_7814384672311909842_n.jpg?_nc_ht=scontent-lax3-1.cdninstagram.com&_nc_cat=110, 0.005767779
https://scontent-lax3-1.cdninstagram.com/vp/2d31917c50491469fb7fef27bd868554/5E46DBFF/t51.2885-15/e35/p1080x1080/72987221_784348762030215_8809104765928439524_n.jpg?_nc_ht=scontent-lax3-1.cdninstagram.com&_nc_cat=1, 0.025211741
https://scontent-lax3-1.cdninstagram.com/vp/a6589aa4bf05efc6190cbbafe51ee40d/5E45C1D0/t51.2885-15/e35/p1080x1080/75256813_558975101330104_1812909251568641207_n.jpg?_nc_ht=scontent-lax3-1.cdninstagram.com&_nc_cat=1, 0.009990382
https://scontent-lax3-1.cdninstagram.com/vp/8c3cb43df67ea1f7ce976b30f739c9bd/5E537A66/t51.2885-15/e35/p1080x1080/74917700_863355537399324_7596571583916155941_n.jpg?_nc_ht=scontent-lax3-1.cdninstagram.com&_nc_cat=1, 0.124535943
https://scontent-lax3-1.cdninstagram.com/vp/7e3a79e27244e0a8857391f081ce94a1/5DD0221E/t51.2885-15/e35/70538708_414610762511798_3360238043067151580_n.jpg?_nc_ht=scontent-lax3-1.cdninstagram.com&_nc_cat=1, 0.020462169
https://scontent-lax3-1.cdninstagram.com/vp/ea7ac7b27319ba64888d78df5a8b77da/5E545D2A/t51.2885-15/e35/74713594_1193412640849682_2275715530762954807_n.jpg?_nc_ht=scontent-lax3-1.cdninstagram.com&_nc_cat=1, 0.049778109
https://scontent-lax3-1.cdninstagram.com/vp/35981ceaaa49586b9e4e30fc57eab040/5E4D01D8/t51.2885-15/fr/e15/p1080x1080/71545060_164103264691755_9152569794637118415_n.jpg?_nc_ht=scontent-lax3-1.cdninstagram.com&_nc_cat=1, 0.024772042
https://scontent-lax3-1.cdninstagram.com/vp/7abc7a21d32f54245ca05774d3a10b37/5E5913CF/t51.2885-15/e35/72703006_496746734255649_3170685024371288557_n.jpg?_nc_ht=scontent-lax3-1.cdninstagram.com&_nc_cat=109, 0.061921437
https://scontent-lax3-1.cdninstagram.com/vp/d39e7760fec49cf4a9cfd14c00915699/5E880A10/t51.2885-15/e35/73099646_2526491784236750_2479992303787459695_n.jpg?_nc_ht=scontent-lax3-1.cdninstagram.com&_nc_cat=1, 0.054631973
https://scontent-lax3-1.cdninstagram.com/vp/5796c4cb42d2f7109678a6e3f3711541/5E4A1F76/t51.2885-15/e35/p1080x1080/76884947_509600729888948_2841870849621133591_n.jpg?_nc_ht=scontent-lax3-1.cdninstagram.com&_nc_cat=108, 0.023717375
https://scontent-lax3-1.cdninstagram.com/vp/596e70165f96d64ec8d4713052b9caed/5E58F429/t51.2885-15/e35/72308398_144719223528332_83697008337947867_n.jpg?_nc_ht=scontent-lax3-1.cdninstagram.com&_nc_cat=108, 0.011108298
https://scontent-lax3-1.cdninstagram.com/vp/058a17b74c3e17ee54250e1078d2e582/5E87F6AF/t51.2885-15/e35/73457410_149053949699597_87953100661576457_n.jpg?_nc_ht=scontent-lax3-1.cdninstagram.com&_nc_cat=105, 0.007236104
https://scontent-lax3-1.cdninstagram.com/vp/847d3533785a0a2dc5c111aa48e48226/5E480DB8/t51.2885-15/e35/75281130_547353566061177_4377329448582713943_n.jpg?_nc_ht=scontent-lax3-1.cdninstagram.com&_nc_cat=1, 0.145490618
https://scontent-lax3-1.cdninstagram.com/vp/a0db880d7d7059dc52802c9e748907c8/5E5D9CC4/t51.2885-15/e35/74600046_421408595217489_7154845129180985841_n.jpg?_nc_ht=scontent-lax3-1.cdninstagram.com&_nc_cat=109, 0.396871239
https://scontent-lax3-1.cdninstagram.com/vp/9ef0f9a65540f121495cdf6310e27706/5E4F82BB/t51.2885-15/e35/75259550_454908331827509_3624333308689996103_n.jpg?_nc_ht=scontent-lax3-1.cdninstagram.com&_nc_cat=105, 0.032391981
https://scontent-lax3-1.cdninstagram.com/vp/4fd4276983ffb8b6d3ac2c4c1b6ebc1a/5E4D30AC/t51.2885-15/e35/73154782_433657390659689_3709045213371165846_n.jpg?_nc_ht=scontent-lax3-1.cdninstagram.com&_nc_cat=105, 0.323651452
https://scontent-lax3-1.cdninstagram.com/vp/05dcf511f20bfbaeed6a3c1e7ab30e8a/5E4D4891/t51.2885-15/fr/e15/s1080x1080/71598084_2703747546313335_5803758651265078929_n.jpg?_nc_ht=scontent-lax3-1.cdninstagram.com&_nc_cat=103, 0.009789259
https://scontent-lax3-1.cdninstagram.com/vp/517661636a14813a597b1f978d78c3d0/5E5CF929/t51.2885-15/e35/73414960_181464463028795_1012927786965965265_n.jpg?_nc_ht=scontent-lax3-1.cdninstagram.com&_nc_cat=111, 0.02661817
https://scontent-lax3-1.cdninstagram.com/vp/46da4b856e744893b7ae7867ff98c20e/5E500389/t51.2885-15/e35/75259581_2238602079763475_6254109449141686634_n.jpg?_nc_ht=scontent-lax3-1.cdninstagram.com&_nc_cat=111, 0.516408902
https://scontent-lax3-1.cdninstagram.com/vp/5e00abc2b39b6e71c36d64452eac5284/5E496E00/t51.2885-15/e35/s1080x1080/75234593_762587617579768_458183380701495145_n.jpg?_nc_ht=scontent-lax3-1.cdninstagram.com&_nc_cat=104, 0.031825329
https://scontent-lax3-1.cdninstagram.com/vp/d3dd14d842f19f095774b6486a9541f7/5E44CE9C/t51.2885-15/e35/73420452_2592594417629963_7572712206061324436_n.jpg?_nc_ht=scontent-lax3-1.cdninstagram.com&_nc_cat=111, 0.035461505
https://scontent-lax3-1.cdninstagram.com/vp/2a47a843a485ded9ca4496da60caceb7/5E469C59/t51.2885-15/e35/s1080x1080/70997912_2648966231820636_3195153440089614837_n.jpg?_nc_ht=scontent-lax3-1.cdninstagram.com&_nc_cat=100, 0.093730856
https://scontent-lax3-1.cdninstagram.com/vp/c3b1241f02d5ea4186f66117bd358d3a/5E5771E0/t51.2885-15/e35/p1080x1080/71846239_2196697537100852_4708554068132043636_n.jpg?_nc_ht=scontent-lax3-1.cdninstagram.com&_nc_cat=108, 0.074458133
https://scontent-lax3-1.cdninstagram.com/vp/1613e3c57335f187cfd96b6965252cf8/5E4A8197/t51.2885-15/e35/s1080x1080/77421676_150005906392652_1434730460119998863_n.jpg?_nc_ht=scontent-lax3-1.cdninstagram.com&_nc_cat=108, 0.01892801
https://scontent-lax3-1.cdninstagram.com/vp/dad7b64386c434e4a99b8ba6862e9383/5E5993B9/t51.2885-15/e35/s1080x1080/71526816_189276152234848_5582124666119904640_n.jpg?_nc_ht=scontent-lax3-1.cdninstagram.com&_nc_cat=104, 0.021196983
https://scontent-lax3-1.cdninstagram.com/vp/dcb6c8701607fc90fcf9901a1f13e649/5E5E6B44/t51.2885-15/e35/p1080x1080/75252741_428298244494950_6250553554168556235_n.jpg?_nc_ht=scontent-lax3-1.cdninstagram.com&_nc_cat=102, 0.030392293
https://scontent-lax3-1.cdninstagram.com/vp/b9472595d63aa6a82411c03d4c5b09c6/5DD09BEA/t51.2885-15/e35/72421890_2499721663417003_2453115520842521896_n.jpg?_nc_ht=scontent-lax3-1.cdninstagram.com&_nc_cat=107, 0.00911934
https://scontent-lax3-1.cdninstagram.com/vp/1785f457ea45b2e7ac61aa14568da249/5E67CF6E/t51.2885-15/e35/s1080x1080/72484969_139290437455257_4407619308189665126_n.jpg?_nc_ht=scontent-lax3-1.cdninstagram.com&_nc_cat=109, 0.287016661
https://scontent-lax3-1.cdninstagram.com/vp/573468b8a334e91dc0bd621f435a1948/5E534A47/t51.2885-15/e35/75352131_477454116201063_2504840133127433479_n.jpg?_nc_ht=scontent-lax3-1.cdninstagram.com&_nc_cat=1, 0.005083295
https://scontent-lax3-1.cdninstagram.com/vp/21ceb70202f45f96ea92a49e2389da8e/5E4CD0F3/t51.2885-15/e35/p1080x1080/75325004_575243303245970_8234643761161936332_n.jpg?_nc_ht=scontent-lax3-1.cdninstagram.com&_nc_cat=102, 0.016441483
https://scontent-lax3-1.cdninstagram.com/vp/ad2f004b36fb8bb5773f7881311c4a95/5E8A3779/t51.2885-15/e35/s1080x1080/71133001_708695119640886_3363550128583219449_n.jpg?_nc_ht=scontent-lax3-1.cdninstagram.com&_nc_cat=1, 0.002091534
https://scontent-lax3-1.cdninstagram.com/vp/027fcc93e3a5cb61d09f4ddb38e29728/5E45A08C/t51.2885-15/e35/77142115_187946632244896_7212567469376681102_n.jpg?_nc_ht=scontent-lax3-1.cdninstagram.com&_nc_cat=1, 0.015837686
https://scontent-lax3-1.cdninstagram.com/vp/2a3851239fdb5d14300d8794a6502af1/5E4E6620/t51.2885-15/e35/75207304_2624215617663260_1864591733712127357_n.jpg?_nc_ht=scontent-lax3-1.cdninstagram.com&_nc_cat=1, 0.003577903
https://scontent-lax3-1.cdninstagram.com/vp/1aecc044d9f95264f961ffc71682da9b/5E561505/t51.2885-15/e35/p1080x1080/75601601_178721549977736_6817657924890340984_n.jpg?_nc_ht=scontent-lax3-1.cdninstagram.com&_nc_cat=1, 0.016451896
https://scontent-lax3-1.cdninstagram.com/vp/d192b21ee9dd955d444b392cdfc29089/5DD12F47/t51.2885-15/e35/74687632_192582331866197_2660132760537679445_n.jpg?_nc_ht=scontent-lax3-1.cdninstagram.com&_nc_cat=1, 0.00591653
https://scontent-lax3-1.cdninstagram.com/vp/fa009c5b9a1cd995efe2debfb9a7ff0f/5E694811/t51.2885-15/fr/e15/p1080x1080/72545542_155656972498099_7657628639160684251_n.jpg?_nc_ht=scontent-lax3-1.cdninstagram.com&_nc_cat=1, 0.013492006
https://scontent-lax3-1.cdninstagram.com/vp/a20f4b0006ab517144bab0b255038274/5E87A228/t51.2885-15/e35/s1080x1080/77400809_574437659980455_6095556750126001248_n.jpg?_nc_ht=scontent-lax3-1.cdninstagram.com&_nc_cat=1, 0.022071018
https://scontent-lax3-1.cdninstagram.com/vp/fa009c5b9a1cd995efe2debfb9a7ff0f/5E694811/t51.2885-15/fr/e15/p1080x1080/72545542_155656972498099_7657628639160684251_n.jpg?_nc_ht=scontent-lax3-1.cdninstagram.com&_nc_cat=1, 0.013492832
https://scontent-lax3-1.cdninstagram.com/vp/8efdfb7d6d2a1438f85977582b3081c3/5E5783EF/t51.2885-15/e35/p1080x1080/74693407_533227400843695_2689314367107296133_n.jpg?_nc_ht=scontent-lax3-1.cdninstagram.com&_nc_cat=107, 0.252881844
https://scontent-lax3-1.cdninstagram.com/vp/0a06156d69b3e6c448de1c24e99e1562/5E564BAE/t51.2885-15/e35/p1080x1080/73161307_812207272528031_1999517863045929154_n.jpg?_nc_ht=scontent-lax3-1.cdninstagram.com&_nc_cat=111, 0.283098592
https://scontent-lax3-1.cdninstagram.com/vp/45c2f93365f99279e6153beb73c8ee66/5E49E398/t51.2885-15/e35/p1080x1080/74665234_365557147552424_7880680017232877176_n.jpg?_nc_ht=scontent-lax3-1.cdninstagram.com&_nc_cat=108, 0.020219684
https://scontent-lax3-1.cdninstagram.com/vp/cadc70d63ac6c33009927c761fb6f8a3/5DD01B52/t51.2885-15/e35/72182792_1159265944268987_248655632541581263_n.jpg?_nc_ht=scontent-lax3-1.cdninstagram.com&_nc_cat=111, 0.011120308
https://scontent-lax3-1.cdninstagram.com/vp/104687e78a50ca21a0877dc4d4175f40/5E583AAA/t51.2885-15/fr/e15/s1080x1080/75200985_717611292071702_517109558086770290_n.jpg?_nc_ht=scontent-lax3-1.cdninstagram.com&_nc_cat=1, 0.049571547
https://scontent-lax3-1.cdninstagram.com/vp/be93d6099041b489e3d62a6bdaa04bea/5E684ABC/t51.2885-15/e35/p1080x1080/71836674_153935355997947_8470619332135326965_n.jpg?_nc_ht=scontent-lax3-1.cdninstagram.com&_nc_cat=103, 0.071518846
https://scontent-lax3-1.cdninstagram.com/vp/d5452f8007a419a61d61c00865b8ff7f/5E5E1902/t51.2885-15/e35/p1080x1080/74573049_124170685675049_4890518651604034168_n.jpg?_nc_ht=scontent-lax3-1.cdninstagram.com&_nc_cat=105, 0.063031369
https://scontent-lax3-1.cdninstagram.com/vp/863bd39257a349f8b231e7945a41dc27/5E59F073/t51.2885-15/e35/73480781_164966164609064_8876470215906942466_n.jpg?_nc_ht=scontent-lax3-1.cdninstagram.com&_nc_cat=1, 0.026206129
https://scontent-lax3-1.cdninstagram.com/vp/2054b13c76f1aa775bb7bc311fc80e34/5E57BDDC/t51.2885-15/e35/73037663_562924537815788_2145114685001426284_n.jpg?_nc_ht=scontent-lax3-1.cdninstagram.com&_nc_cat=1, 0.105445928
https://scontent-lax3-1.cdninstagram.com/vp/1070e1ddf8b020b67d50add1265a9b85/5E47FC93/t51.2885-15/e35/70846310_2169187566715565_792311602804126679_n.jpg?_nc_ht=scontent-lax3-1.cdninstagram.com&_nc_cat=105, 0.069664494
https://scontent-lax3-1.cdninstagram.com/vp/03d1d3817655f49053410432e8fa48c9/5E473194/t51.2885-15/e35/s1080x1080/71000956_632759357130254_3609688729717975880_n.jpg?_nc_ht=scontent-lax3-1.cdninstagram.com&_nc_cat=1, 0.023067643
https://scontent-lax3-1.cdninstagram.com/vp/02c5558f8f62429649a876ae185c37ba/5E54A77D/t51.2885-15/e35/70371626_203737803973547_895504988824344437_n.jpg?_nc_ht=scontent-lax3-1.cdninstagram.com&_nc_cat=111, 0.014555619
https://scontent-lax3-1.cdninstagram.com/vp/f012b2cee2448450a7c9bc89554df650/5DD063AA/t51.2885-15/e35/73446508_537168727082462_4625457215933445581_n.jpg?_nc_ht=scontent-lax3-1.cdninstagram.com&_nc_cat=102, 2.006469501
https://scontent-lax3-1.cdninstagram.com/vp/ef15440d6bb16042b6a14ea1be364840/5DD0A1D7/t51.2885-15/e35/75225459_591714818325921_8344989360295826963_n.jpg?_nc_ht=scontent-lax3-1.cdninstagram.com&_nc_cat=109, 0.009357626
https://scontent-lax3-1.cdninstagram.com/vp/77987abdb63cf88e383476a9a95044f5/5DD0A137/t51.2885-15/e35/72407340_561592701305169_9015178760938610407_n.jpg?_nc_ht=scontent-lax3-1.cdninstagram.com&_nc_cat=109, 0.083031382
https://scontent-lax3-1.cdninstagram.com/vp/ca3c7c9c1f653b418915c00d7ff569be/5E674040/t51.2885-15/e35/73162677_753183781801320_5714441478111450938_n.jpg?_nc_ht=scontent-lax3-1.cdninstagram.com&_nc_cat=100, 0.009554472
https://scontent-lax3-1.cdninstagram.com/vp/7b2fd20894449a044bc4e4a5e9d88909/5DD08EF5/t51.2885-15/e35/71845094_760746914429655_222762106181033858_n.jpg?_nc_ht=scontent-lax3-1.cdninstagram.com&_nc_cat=1, 0.452044326
https://scontent-lax3-1.cdninstagram.com/vp/ace89d7bb6c5726f59e9cf826226918c/5E8C379F/t51.2885-15/e35/73211972_428514574509586_7842893220259736373_n.jpg?_nc_ht=scontent-lax3-1.cdninstagram.com&_nc_cat=110, 0.010795996
https://scontent-lax3-1.cdninstagram.com/vp/048106931f751d77a46f9041e1a24bef/5E456999/t51.2885-15/e35/74661301_844975465904756_3655790747637472506_n.jpg?_nc_ht=scontent-lax3-1.cdninstagram.com&_nc_cat=108, 0.003293127
https://scontent-lax3-1.cdninstagram.com/vp/bc2f30a51b4c18008cc53caa17b0d665/5E8AA3B3/t51.2885-15/e35/p1080x1080/73457340_580558399367709_3818239367108371110_n.jpg?_nc_ht=scontent-lax3-1.cdninstagram.com&_nc_cat=1, 0.008965517
https://scontent-lax3-1.cdninstagram.com/vp/5a15e34e603a64f798d5b933e7bc80f2/5E549C0F/t51.2885-15/e35/72987847_615336722637387_6603155288152922201_n.jpg?_nc_ht=scontent-lax3-1.cdninstagram.com&_nc_cat=103, 0.003341576
https://scontent-lax3-1.cdninstagram.com/vp/0fbe18e8010a244cb0032040ec41d563/5E5546BF/t51.2885-15/e35/74525286_1025530271130602_6845616093680383405_n.jpg?_nc_ht=scontent-lax3-1.cdninstagram.com&_nc_cat=102, 0.02083481
https://scontent-lax3-1.cdninstagram.com/vp/895fee040b647d63e516418e338d7b7c/5E5B3FA4/t51.2885-15/fr/e15/p1080x1080/72914090_2498879260342139_5106331264192186166_n.jpg?_nc_ht=scontent-lax3-1.cdninstagram.com&_nc_cat=1, 0.024613716
https://scontent-lax3-1.cdninstagram.com/vp/0dc0eabb0108b37a35a485478b6d1cda/5E581FE6/t51.2885-15/e35/75443207_400372987536884_6210200001737302596_n.jpg?_nc_ht=scontent-lax3-1.cdninstagram.com&_nc_cat=108, 0.02022777
https://scontent-lax3-1.cdninstagram.com/vp/8e251eea293c4b21aad817c0952abb32/5E68AE73/t51.2885-15/e35/73057501_479804959291507_4820106749578174077_n.jpg?_nc_ht=scontent-lax3-1.cdninstagram.com&_nc_cat=107, 0.029958589
https://scontent-lax3-1.cdninstagram.com/vp/83c5c9937205359a2a4c6d7da89a0889/5E55ACC0/t51.2885-15/e35/74636008_686922458501016_1867764536698281442_n.jpg?_nc_ht=scontent-lax3-1.cdninstagram.com&_nc_cat=100, 0.001333279
https://scontent-lax3-1.cdninstagram.com/vp/3310f3df9d8217edbf692eea2cea03b1/5E6A2B35/t51.2885-15/e35/s1080x1080/70394432_2364190200497079_4646492061562967842_n.jpg?_nc_ht=scontent-lax3-1.cdninstagram.com&_nc_cat=103, 0.014069061
https://scontent-lax3-1.cdninstagram.com/vp/5b90420afe3db5fa9390c5e5a408998b/5E4D3AAD/t51.2885-15/e35/p1080x1080/74655048_564275704341038_4519918520959573418_n.jpg?_nc_ht=scontent-lax3-1.cdninstagram.com&_nc_cat=1, 0.003412291
https://scontent-lax3-1.cdninstagram.com/vp/f4ce335ede153c77a1ec09105bcf7ead/5E59039A/t51.2885-15/e35/p1080x1080/72706672_240072093628080_6374670454245859119_n.jpg?_nc_ht=scontent-lax3-1.cdninstagram.com&_nc_cat=1, 0.037870642
https://scontent-lax3-1.cdninstagram.com/vp/d14edfb12ef1d6d494346a5ae14a74c8/5E4C2B94/t51.2885-15/e35/p1080x1080/75252641_2433915673528810_1809823480255806972_n.jpg?_nc_ht=scontent-lax3-1.cdninstagram.com&_nc_cat=110, 0.004157333
https://scontent-lax3-1.cdninstagram.com/vp/cc737464a54b1f5a173ba4a7bf43ee39/5E54CF4C/t51.2885-15/e35/p1080x1080/74702511_2316004588508981_6179998925243576552_n.jpg?_nc_ht=scontent-lax3-1.cdninstagram.com&_nc_cat=1, 0.020238073
https://scontent-lax3-1.cdninstagram.com/vp/8b3c8cfee5d899f64b2f7fd4d81465c9/5E4AB8C4/t51.2885-15/e35/p1080x1080/74623958_149407563110580_319118052173882529_n.jpg?_nc_ht=scontent-lax3-1.cdninstagram.com&_nc_cat=1, 0.029611229
https://scontent-lax3-1.cdninstagram.com/vp/6cc336fd681b05d9b607f549b8f7fd7d/5E506EB3/t51.2885-15/e35/p1080x1080/74880444_1383635861794767_2402838534705972003_n.jpg?_nc_ht=scontent-lax3-1.cdninstagram.com&_nc_cat=103, 0.008973096
https://scontent-lax3-1.cdninstagram.com/vp/51932b28aa71631549f013dbed127def/5E5873D9/t51.2885-15/e35/p1080x1080/75595318_416676895695891_939256868176927170_n.jpg?_nc_ht=scontent-lax3-1.cdninstagram.com&_nc_cat=1, 0.012878182
https://scontent-lax3-1.cdninstagram.com/vp/b8e977a3e743fc368a3a9c8014f4560a/5E492184/t51.2885-15/e35/p1080x1080/74482477_417939859099661_8531715811542416420_n.jpg?_nc_ht=scontent-lax3-1.cdninstagram.com&_nc_cat=1, 0.010055136
https://scontent-lax3-1.cdninstagram.com/vp/cc737464a54b1f5a173ba4a7bf43ee39/5E54CF4C/t51.2885-15/e35/p1080x1080/74702511_2316004588508981_6179998925243576552_n.jpg?_nc_ht=scontent-lax3-1.cdninstagram.com&_nc_cat=1, 0.020238073
https://scontent-lax3-1.cdninstagram.com/vp/1487d3debb46578a93174bd4b8687d4b/5E6C41A3/t51.2885-15/e35/s1080x1080/73211009_1081471545531241_2983220196588004099_n.jpg?_nc_ht=scontent-lax3-1.cdninstagram.com&_nc_cat=101, 0.066263562
https://scontent-lax3-1.cdninstagram.com/vp/dce46247a07e00bff5a21da83dc53518/5E662888/t51.2885-15/e35/p1080x1080/72280850_427969661135161_6110061869518586437_n.jpg?_nc_ht=scontent-lax3-1.cdninstagram.com&_nc_cat=101, 0.049992875
https://scontent-lax3-1.cdninstagram.com/vp/f3468188fbcaf42b356bddcfed6c3648/5E8C6C94/t51.2885-15/e35/73177685_124350775667865_7247146502710269672_n.jpg?_nc_ht=scontent-lax3-1.cdninstagram.com&_nc_cat=1, 0.045022751
https://scontent-lax3-1.cdninstagram.com/vp/6fb4418df5ed2c9bdfc50db07310c4cf/5DD1171C/t51.2885-15/e35/73457347_2522053994581960_7988220038274353136_n.jpg?_nc_ht=scontent-lax3-1.cdninstagram.com&_nc_cat=1, 0.024010731
https://scontent-lax3-1.cdninstagram.com/vp/8dd69c7472828e3e36733df305210406/5E4F4F2B/t51.2885-15/e35/p1080x1080/75210452_193116718393188_7938651417828842570_n.jpg?_nc_ht=scontent-lax3-1.cdninstagram.com&_nc_cat=100, 0.038683407
https://scontent-lax3-1.cdninstagram.com/vp/657c989e5c98627bc5c1a83523e39247/5E5E7BE4/t51.2885-15/e35/p1080x1080/75009061_201745464172198_7467557002499669939_n.jpg?_nc_ht=scontent-lax3-1.cdninstagram.com&_nc_cat=110, 0.011748569
https://scontent-lax3-1.cdninstagram.com/vp/709ed416c7b42870c93980bc2011d3d7/5E59EE8E/t51.2885-15/e35/p1080x1080/72602436_145872263363340_4249521377123180905_n.jpg?_nc_ht=scontent-lax3-1.cdninstagram.com&_nc_cat=1, 0.007068232
https://scontent-lax3-1.cdninstagram.com/vp/6ef6e956ad5ca2f67ab8003f764ebdc8/5E66E7BE/t51.2885-15/e35/p1080x1080/72984347_167789131004097_5217736787169898633_n.jpg?_nc_ht=scontent-lax3-1.cdninstagram.com&_nc_cat=109, 0.018004565
https://scontent-lax3-1.cdninstagram.com/vp/c8b51c87e77dcaf17b2ea8268cc1fef4/5E45A6A1/t51.2885-15/e35/p1080x1080/76982827_791681164683455_5323865137768667174_n.jpg?_nc_ht=scontent-lax3-1.cdninstagram.com&_nc_cat=111, 0.012646013
https://scontent-lax3-1.cdninstagram.com/vp/2eef19e1f4ec1b1eceb4556e884ec193/5E4FE103/t51.2885-15/e35/p1080x1080/74611116_147730213216164_8517588683098606546_n.jpg?_nc_ht=scontent-lax3-1.cdninstagram.com&_nc_cat=100, 0.063523501
https://scontent-lax3-1.cdninstagram.com/vp/5da68b6e08117c68fe01455c1625f336/5E5D4185/t51.2885-15/e35/s1080x1080/73117772_122281462543596_6905194139359972635_n.jpg?_nc_ht=scontent-lax3-1.cdninstagram.com&_nc_cat=1, 0.027159966
https://scontent-lax3-1.cdninstagram.com/vp/eb2deda51f066f3cbd9819281d217ae0/5E4C7B74/t51.2885-15/e35/p1080x1080/72789103_2462288190694493_7086713074343986015_n.jpg?_nc_ht=scontent-lax3-1.cdninstagram.com&_nc_cat=105, 0.095601173
https://scontent-lax3-1.cdninstagram.com/vp/7edf118466428a31861aebe95a2a1b50/5DD0A5BF/t51.2885-15/e35/73062010_147571526555774_7108547671258771382_n.jpg?_nc_ht=scontent-lax3-1.cdninstagram.com&_nc_cat=102, 0.003243446
https://scontent-lax3-1.cdninstagram.com/vp/45a3c786ca1780de001a45057cee221a/5E5C4D92/t51.2885-15/e35/p1080x1080/73323272_167599861022374_5399702433667298286_n.jpg?_nc_ht=scontent-lax3-1.cdninstagram.com&_nc_cat=110, 0.034471021
https://scontent-lax3-1.cdninstagram.com/vp/76241fc6f80b71e35514e0810391c3b3/5E87FC37/t51.2885-15/e35/72270435_826754284411162_452595761493738988_n.jpg?_nc_ht=scontent-lax3-1.cdninstagram.com&_nc_cat=110, 0.010120582
https://scontent-lax3-1.cdninstagram.com/vp/fdf5568e6ee055b4a3cfeed1623eb073/5E65E986/t51.2885-15/e35/p1080x1080/75448899_580031539207676_7312061483077629906_n.jpg?_nc_ht=scontent-lax3-1.cdninstagram.com&_nc_cat=108, 0.02092756
https://scontent-lax3-1.cdninstagram.com/vp/e0c20644cc8757bae33e59375e791231/5E4D58AF/t51.2885-15/e35/p1080x1080/72219385_2509157546029597_3744543439244494273_n.jpg?_nc_ht=scontent-lax3-1.cdninstagram.com&_nc_cat=101, 0.026766098
https://scontent-lax3-1.cdninstagram.com/vp/62a377d81aecf26bfbfd1a2edd74d335/5E4CA734/t51.2885-15/e35/p1080x1080/74880440_413774759565418_292398893488856122_n.jpg?_nc_ht=scontent-lax3-1.cdninstagram.com&_nc_cat=110, 0.163577873
https://scontent-lax3-1.cdninstagram.com/vp/ee35aac77af8d6d16df7494e860f1ebf/5DD02BA8/t51.2885-15/e35/74667965_174211090390064_836062530388409601_n.jpg?_nc_ht=scontent-lax3-1.cdninstagram.com&_nc_cat=108, 0.095459519
https://scontent-lax3-1.cdninstagram.com/vp/68a7d49e4d96be14c0e864cd59cfb3d6/5E683798/t51.2885-15/e35/74917708_177824163367045_1085409819114611992_n.jpg?_nc_ht=scontent-lax3-1.cdninstagram.com&_nc_cat=1, 0.025836445
https://scontent-lax3-1.cdninstagram.com/vp/4b1afe7ec1fdd7111793e4f649d41f95/5E5DBA1D/t51.2885-15/e35/p1080x1080/75341401_444606549526616_4245963532791955990_n.jpg?_nc_ht=scontent-lax3-1.cdninstagram.com&_nc_cat=108, 0.077223653
https://scontent-lax3-1.cdninstagram.com/vp/542121c8368a56a868578927d26f38dc/5E5D9A31/t51.2885-15/e35/p1080x1080/74340433_175086483613620_7176636300554321930_n.jpg?_nc_ht=scontent-lax3-1.cdninstagram.com&_nc_cat=100, 0.136158119
https://scontent-lax3-1.cdninstagram.com/vp/fe228f9a13b01952aa3c7bd781503e2a/5E4D9309/t51.2885-15/e35/p1080x1080/71600966_3447925015225523_3885042438448124231_n.jpg?_nc_ht=scontent-lax3-1.cdninstagram.com&_nc_cat=111, 0.067598908
https://scontent-lax3-1.cdninstagram.com/vp/e54038e3cfc3ed7bb8a7d9a1a6582ece/5E57BE2E/t51.2885-15/e35/74800928_163332384768035_4537829835888531005_n.jpg?_nc_ht=scontent-lax3-1.cdninstagram.com&_nc_cat=111, 0.129832423
https://scontent-lax3-1.cdninstagram.com/vp/2320745fb3a3d42dc04990ca334f772a/5E69B2DE/t51.2885-15/e35/s1080x1080/74917294_193343591829663_6558549177980752249_n.jpg?_nc_ht=scontent-lax3-1.cdninstagram.com&_nc_cat=103, 0.051636881
https://scontent-lax3-1.cdninstagram.com/vp/fa54069c9dba12f8b2c0e386e1a7298a/5E5C1736/t51.2885-15/e35/71317517_1749603571856000_1921128310783887276_n.jpg?_nc_ht=scontent-lax3-1.cdninstagram.com&_nc_cat=1, 0.105645642
https://scontent-lax3-1.cdninstagram.com/vp/668fcd3f2a2f23828b7c0887d746c5af/5E50EB2D/t51.2885-15/e35/75349260_544927506240587_3094651059618901768_n.jpg?_nc_ht=scontent-lax3-1.cdninstagram.com&_nc_cat=1, 0.003202927
https://scontent-lax3-1.cdninstagram.com/vp/d652cd6cae909bd890379f21fb2f9257/5E668369/t51.2885-15/e35/p1080x1080/74959895_155625509167093_7024535122060667387_n.jpg?_nc_ht=scontent-lax3-1.cdninstagram.com&_nc_cat=101, 0.008295523
https://scontent-lax3-1.cdninstagram.com/vp/3244738a224dade9050ced18a8914220/5E552FE3/t51.2885-15/e35/72580655_412678849681831_7229583476951967418_n.jpg?_nc_ht=scontent-lax3-1.cdninstagram.com&_nc_cat=107, 0.055311152
https://scontent-lax3-1.cdninstagram.com/vp/33d900248e4edc504e66ed5c8263b535/5E884A45/t51.2885-15/e35/p1080x1080/74921620_420562371974185_2660751806439443538_n.jpg?_nc_ht=scontent-lax3-1.cdninstagram.com&_nc_cat=1, 0.008771449
https://scontent-lax3-1.cdninstagram.com/vp/261fcc91c79e7c26b4550af216ea49f1/5E8C81DB/t51.2885-15/e35/73426963_462569534384892_2152118237221876992_n.jpg?_nc_ht=scontent-lax3-1.cdninstagram.com&_nc_cat=1, 0.015343827
https://scontent-lax3-1.cdninstagram.com/vp/1cd1f16b7e1df7b559047f03514772e3/5E5CBC67/t51.2885-15/e35/s1080x1080/74601354_450992009135707_911625201948590803_n.jpg?_nc_ht=scontent-lax3-1.cdninstagram.com&_nc_cat=107, 0.003245512
https://scontent-lax3-1.cdninstagram.com/vp/3800caad64f21b7eba42405c0e9bd847/5E533690/t51.2885-15/e35/p1080x1080/70702003_425859871697890_2541044339392524979_n.jpg?_nc_ht=scontent-lax3-1.cdninstagram.com&_nc_cat=1, 0.003583303
https://scontent-lax3-1.cdninstagram.com/vp/c42ce7881d55cd8e303ea86d5d593aac/5E895FA4/t51.2885-15/e35/p1080x1080/72787148_1967685816667358_4564395787146427755_n.jpg?_nc_ht=scontent-lax3-1.cdninstagram.com&_nc_cat=102, 0.045465401
https://scontent-lax3-1.cdninstagram.com/vp/d79495d205c3f16507bcee4ad9e1369d/5E6AEC3A/t51.2885-15/e35/s1080x1080/71041161_171166550666948_8191267017829390197_n.jpg?_nc_ht=scontent-lax3-1.cdninstagram.com&_nc_cat=108, 0.080321285
https://scontent-lax3-1.cdninstagram.com/vp/7870a15fb02d074b825e9004b2ad5789/5E474A9E/t51.2885-15/e35/71056422_446206162756925_3429494973077705002_n.jpg?_nc_ht=scontent-lax3-1.cdninstagram.com&_nc_cat=105, 0.022758307
https://scontent-lax3-1.cdninstagram.com/vp/8493ff4b287dc3f0e863b7910ce2bf58/5E68AB46/t51.2885-15/e35/75616333_149145516487994_7137989090118174828_n.jpg?_nc_ht=scontent-lax3-1.cdninstagram.com&_nc_cat=102, 5.568493151
https://scontent-lax3-1.cdninstagram.com/vp/76925e68957b98ded950668ed7a62286/5E486964/t51.2885-15/e35/p1080x1080/74958268_493107258269454_5645173750832572053_n.jpg?_nc_ht=scontent-lax3-1.cdninstagram.com&_nc_cat=1, 0.005906299
https://scontent-lax3-1.cdninstagram.com/vp/993c9143149e103aa89e9e82335849f3/5E8C9C4B/t51.2885-15/e35/s1080x1080/75397759_639466393255810_69221267048711810_n.jpg?_nc_ht=scontent-lax3-1.cdninstagram.com&_nc_cat=110, 0.007770485
https://scontent-lax3-1.cdninstagram.com/vp/09a43df7b19eca47c5f001feaef8fa34/5E5AC74A/t51.2885-15/e35/p1080x1080/72575695_2363271464002780_7379160560927141025_n.jpg?_nc_ht=scontent-lax3-1.cdninstagram.com&_nc_cat=104, 0.006838669
https://scontent-lax3-1.cdninstagram.com/vp/ba4d5952685ad7b556c55b4fcef00168/5E468473/t51.2885-15/e35/p1080x1080/73191016_224780495171351_9015355080287226118_n.jpg?_nc_ht=scontent-lax3-1.cdninstagram.com&_nc_cat=1, 0.004423361
https://scontent-lax3-1.cdninstagram.com/vp/8652ad4d7868acacf480914a3d2d66c7/5E46F2E1/t51.2885-15/e35/s1080x1080/73533256_104186414314355_6706956197677134960_n.jpg?_nc_ht=scontent-lax3-1.cdninstagram.com&_nc_cat=111, 0.011501545
https://scontent-lax3-1.cdninstagram.com/vp/789b9ae0e8732c0ed5e8dc91430b15ab/5E5B693F/t51.2885-15/e35/p1080x1080/74687627_861832444233206_2370100281922760611_n.jpg?_nc_ht=scontent-lax3-1.cdninstagram.com&_nc_cat=1, 0.005200244
https://scontent-lax3-1.cdninstagram.com/vp/ea9b2d7f16125e27ddfbc55a96f18b24/5E59B892/t51.2885-15/e35/s1080x1080/72190109_146443696648455_2045814696163305134_n.jpg?_nc_ht=scontent-lax3-1.cdninstagram.com&_nc_cat=1, 0.043950176
https://scontent-lax3-1.cdninstagram.com/vp/ce6912e2797e248dbabdbb5ddd48bca0/5E477B94/t51.2885-15/e35/p1080x1080/71146467_2527730430788349_6689657106016024466_n.jpg?_nc_ht=scontent-lax3-1.cdninstagram.com&_nc_cat=1, 0.039520192
https://scontent-lax3-1.cdninstagram.com/vp/1a788c0e06f617d9d85a02301e32cf2e/5DD00C91/t51.2885-15/e35/76967173_844692692595356_4589737244303929254_n.jpg?_nc_ht=scontent-lax3-1.cdninstagram.com&_nc_cat=108, 0.035824103
https://scontent-lax3-1.cdninstagram.com/vp/46a607d3d283ef8e059a26948047354f/5E4C00BC/t51.2885-15/e35/p1080x1080/72873650_425883615009043_7034116259783166621_n.jpg?_nc_ht=scontent-lax3-1.cdninstagram.com&_nc_cat=107, 0.016251311
https://scontent-lax3-1.cdninstagram.com/vp/7e3a79e27244e0a8857391f081ce94a1/5DD0221E/t51.2885-15/e35/70538708_414610762511798_3360238043067151580_n.jpg?_nc_ht=scontent-lax3-1.cdninstagram.com&_nc_cat=1, 0.020567645
https://scontent-lax3-1.cdninstagram.com/vp/d37da82659ba4fa000c90a1f879d0f79/5E4DE68F/t51.2885-15/e35/p1080x1080/72901422_1342433455934768_2271196295562051786_n.jpg?_nc_ht=scontent-lax3-1.cdninstagram.com&_nc_cat=108, 0.020351518
https://scontent-lax3-1.cdninstagram.com/vp/0ad0286fceaacf98093a3377ada61f95/5DD098F5/t51.2885-15/e35/75660172_195004064864301_9214056471715001834_n.jpg?_nc_ht=scontent-lax3-1.cdninstagram.com&_nc_cat=1, 0.016261616
https://scontent-lax3-1.cdninstagram.com/vp/d192b21ee9dd955d444b392cdfc29089/5DD12F47/t51.2885-15/e35/74687632_192582331866197_2660132760537679445_n.jpg?_nc_ht=scontent-lax3-1.cdninstagram.com&_nc_cat=1, 0.005966821
https://scontent-lax3-1.cdninstagram.com/vp/edae8bcc11de3cc84a13cae460c3e48f/5E666B8A/t51.2885-15/e35/74465169_276007226689938_2788513195424372874_n.jpg?_nc_ht=scontent-lax3-1.cdninstagram.com&_nc_cat=106, 0.038654581
https://scontent-lax3-1.cdninstagram.com/vp/1f440a12e5cf94f93ba815277ebd085a/5DD04A45/t51.2885-15/e35/74666931_433897210518571_4137432065151210430_n.jpg?_nc_ht=scontent-lax3-1.cdninstagram.com&_nc_cat=107, 0.007546768
